[
    {
        "pk": 26, 
        "model": "contenttypes.contenttype", 
        "fields": {
            "model": "tag", 
            "name": "Tag", 
            "app_label": "taggit"
        }
    }, 
    {
        "pk": 27, 
        "model": "contenttypes.contenttype", 
        "fields": {
            "model": "taggeditem", 
            "name": "Tagged Item", 
            "app_label": "taggit"
        }
    }, 
    {
        "pk": 15, 
        "model": "contenttypes.contenttype", 
        "fields": {
            "model": "category", 
            "name": "category", 
            "app_label": "phytosanitary"
        }
    }, 
    {
        "pk": 8, 
        "model": "contenttypes.contenttype", 
        "fields": {
            "model": "comment", 
            "name": "comment", 
            "app_label": "comments"
        }
    }, 
    {
        "pk": 9, 
        "model": "contenttypes.contenttype", 
        "fields": {
            "model": "commentflag", 
            "name": "comment flag", 
            "app_label": "comments"
        }
    }, 
    {
        "pk": 5, 
        "model": "contenttypes.contenttype", 
        "fields": {
            "model": "contenttype", 
            "name": "content type", 
            "app_label": "contenttypes"
        }
    }, 
    {
        "pk": 14, 
        "model": "contenttypes.contenttype", 
        "fields": {
            "model": "contributor", 
            "name": "contributor", 
            "app_label": "phytosanitary"
        }
    }, 
    {
        "pk": 25, 
        "model": "contenttypes.contenttype", 
        "fields": {
            "model": "document", 
            "name": "document", 
            "app_label": "phytosanitary"
        }
    }, 
    {
        "pk": 2, 
        "model": "contenttypes.contenttype", 
        "fields": {
            "model": "group", 
            "name": "group", 
            "app_label": "auth"
        }
    }, 
    {
        "pk": 18, 
        "model": "contenttypes.contenttype", 
        "fields": {
            "model": "groupobjectpermission", 
            "name": "group object permission", 
            "app_label": "guardian"
        }
    }, 
    {
        "pk": 23, 
        "model": "contenttypes.contenttype", 
        "fields": {
            "model": "kvstore", 
            "name": "kv store", 
            "app_label": "thumbnail"
        }
    }, 
    {
        "pk": 10, 
        "model": "contenttypes.contenttype", 
        "fields": {
            "model": "logentry", 
            "name": "log entry", 
            "app_label": "admin"
        }
    }, 
    {
        "pk": 4, 
        "model": "contenttypes.contenttype", 
        "fields": {
            "model": "message", 
            "name": "message", 
            "app_label": "auth"
        }
    }, 
    {
        "pk": 13, 
        "model": "contenttypes.contenttype", 
        "fields": {
            "model": "migrationhistory", 
            "name": "migration history", 
            "app_label": "south"
        }
    }, 
    {
        "pk": 22, 
        "model": "contenttypes.contenttype", 
        "fields": {
            "model": "multiuploaderimage", 
            "name": "multiuploader image", 
            "app_label": "multiuploader"
        }
    }, 
    {
        "pk": 1, 
        "model": "contenttypes.contenttype", 
        "fields": {
            "model": "permission", 
            "name": "permission", 
            "app_label": "auth"
        }
    }, 
    {
        "pk": 24, 
        "model": "contenttypes.contenttype", 
        "fields": {
            "model": "photo", 
            "name": "photo", 
            "app_label": "phytosanitary"
        }
    }, 
    {
        "pk": 16, 
        "model": "contenttypes.contenttype", 
        "fields": {
            "model": "resource", 
            "name": "resource", 
            "app_label": "phytosanitary"
        }
    }, 
    {
        "pk": 6, 
        "model": "contenttypes.contenttype", 
        "fields": {
            "model": "session", 
            "name": "session", 
            "app_label": "sessions"
        }
    }, 
    {
        "pk": 7, 
        "model": "contenttypes.contenttype", 
        "fields": {
            "model": "site", 
            "name": "site", 
            "app_label": "sites"
        }
    }, 
    {
        "pk": 20, 
        "model": "contenttypes.contenttype", 
        "fields": {
            "model": "source", 
            "name": "source", 
            "app_label": "easy_thumbnails"
        }
    }, 
    {
        "pk": 11, 
        "model": "contenttypes.contenttype", 
        "fields": {
            "model": "tag", 
            "name": "tag", 
            "app_label": "tagging"
        }
    }, 
    {
        "pk": 12, 
        "model": "contenttypes.contenttype", 
        "fields": {
            "model": "taggeditem", 
            "name": "tagged item", 
            "app_label": "tagging"
        }
    }, 
    {
        "pk": 21, 
        "model": "contenttypes.contenttype", 
        "fields": {
            "model": "thumbnail", 
            "name": "thumbnail", 
            "app_label": "easy_thumbnails"
        }
    }, 
    {
        "pk": 3, 
        "model": "contenttypes.contenttype", 
        "fields": {
            "model": "user", 
            "name": "user", 
            "app_label": "auth"
        }
    }, 
    {
        "pk": 17, 
        "model": "contenttypes.contenttype", 
        "fields": {
            "model": "userobjectpermission", 
            "name": "user object permission", 
            "app_label": "guardian"
        }
    }, 
    {
        "pk": 19, 
        "model": "contenttypes.contenttype", 
        "fields": {
            "model": "userenasignup", 
            "name": "userena registration", 
            "app_label": "userena"
        }
    }, 
    {
        "pk": "83d74206f5fec91fc20a659e7a5ee497", 
        "model": "sessions.session", 
        "fields": {
            "expire_date": "2012-03-15 11:39:57", 
            "session_data": "YWYxZWVlZjMxYWFjM2FmYjhkMGFhMDhiZjM1NDMxMmU5Nzg0NGY1NDqAAn1xAShVCnRlc3Rjb29r\naWVxAlUGd29ya2VkcQNVDV9hdXRoX3VzZXJfaWRxBEsCVRJfYXV0aF91c2VyX2JhY2tlbmRxBVUt\ndXNlcmVuYS5iYWNrZW5kcy5Vc2VyZW5hQXV0aGVudGljYXRpb25CYWNrZW5kcQZ1Lg==\n"
        }
    }, 
    {
        "pk": "4023077a04147ae3ad7c2c816a7340db", 
        "model": "sessions.session", 
        "fields": {
            "expire_date": "2012-03-16 17:32:04", 
            "session_data": "NzU5NGFjNWUyN2Q4NDI4NGRlZjdhNmQ1MTgyMzQwZDBkZDNmMjczMTqAAn1xAShVD19zZXNzaW9u\nX2V4cGlyeXECSwBVEl9hdXRoX3VzZXJfYmFja2VuZHEDVS11c2VyZW5hLmJhY2tlbmRzLlVzZXJl\nbmFBdXRoZW50aWNhdGlvbkJhY2tlbmRxBFUNX2F1dGhfdXNlcl9pZHEFSwJ1Lg==\n"
        }
    }, 
    {
        "pk": "60cecc49155f16b65db06e27c98b2773", 
        "model": "sessions.session", 
        "fields": {
            "expire_date": "2012-03-18 17:35:25", 
            "session_data": "NzgzMmVmZWZhMzVmMTA5ZmY0YTc3NGIwYWVhNTEwY2NlMzg4NGYzNzqAAn1xAShVD19zZXNzaW9u\nX2V4cGlyeXECSwBVEl9hdXRoX3VzZXJfYmFja2VuZHEDVS11c2VyZW5hLmJhY2tlbmRzLlVzZXJl\nbmFBdXRoZW50aWNhdGlvbkJhY2tlbmRxBFUNX2F1dGhfdXNlcl9pZHEFSwF1Lg==\n"
        }
    }, 
    {
        "pk": "ec04774394ec4ea10ae4355699a95586", 
        "model": "sessions.session", 
        "fields": {
            "expire_date": "2012-03-21 15:55:21", 
            "session_data": "NzgzMmVmZWZhMzVmMTA5ZmY0YTc3NGIwYWVhNTEwY2NlMzg4NGYzNzqAAn1xAShVD19zZXNzaW9u\nX2V4cGlyeXECSwBVEl9hdXRoX3VzZXJfYmFja2VuZHEDVS11c2VyZW5hLmJhY2tlbmRzLlVzZXJl\nbmFBdXRoZW50aWNhdGlvbkJhY2tlbmRxBFUNX2F1dGhfdXNlcl9pZHEFSwF1Lg==\n"
        }
    }, 
    {
        "pk": "bd764a4df3f16596c94cdc3eafdbb9ec", 
        "model": "sessions.session", 
        "fields": {
            "expire_date": "2012-03-23 13:51:49", 
            "session_data": "NzgzMmVmZWZhMzVmMTA5ZmY0YTc3NGIwYWVhNTEwY2NlMzg4NGYzNzqAAn1xAShVD19zZXNzaW9u\nX2V4cGlyeXECSwBVEl9hdXRoX3VzZXJfYmFja2VuZHEDVS11c2VyZW5hLmJhY2tlbmRzLlVzZXJl\nbmFBdXRoZW50aWNhdGlvbkJhY2tlbmRxBFUNX2F1dGhfdXNlcl9pZHEFSwF1Lg==\n"
        }
    }, 
    {
        "pk": "4a8de1eef4a19b357c55ed1dc96aa257", 
        "model": "sessions.session", 
        "fields": {
            "expire_date": "2012-03-26 01:15:26", 
            "session_data": "YWFiOTZjYzc3YTE4YTdjZGZiZGJlYjlhYWJjN2JhMTUxNWQ0NGY1MTqAAn1xAVUKdGVzdGNvb2tp\nZXECVQZ3b3JrZWRxA3Mu\n"
        }
    }, 
    {
        "pk": "20db44b4b6dff89c23c20e896a9b03b4", 
        "model": "sessions.session", 
        "fields": {
            "expire_date": "2012-03-26 17:55:46", 
            "session_data": "ZGQyZjg3NjBhZTM1Y2VlMDY3ZDlmZDRiOWZhMzIyYWRlN2VjN2FmMTqAAn1xAS4=\n"
        }
    }, 
    {
        "pk": 1, 
        "model": "sites.site", 
        "fields": {
            "domain": "127.0.0.1:8000", 
            "name": "127.0.0.1:8000"
        }
    }, 
    {
        "pk": 193, 
        "model": "admin.logentry", 
        "fields": {
            "action_flag": 1, 
            "action_time": "2012-03-12 17:55:39", 
            "object_repr": "Phytosanitary Capacity Development Projects", 
            "object_id": "5", 
            "change_message": "", 
            "user": 1, 
            "content_type": 16
        }
    }, 
    {
        "pk": 192, 
        "model": "admin.logentry", 
        "fields": {
            "action_flag": 3, 
            "action_time": "2012-03-12 17:54:42", 
            "object_repr": "files and photos", 
            "object_id": "6", 
            "change_message": "", 
            "user": 1, 
            "content_type": 16
        }
    }, 
    {
        "pk": 191, 
        "model": "admin.logentry", 
        "fields": {
            "action_flag": 3, 
            "action_time": "2012-03-12 17:54:42", 
            "object_repr": "table", 
            "object_id": "9", 
            "change_message": "", 
            "user": 1, 
            "content_type": 16
        }
    }, 
    {
        "pk": 190, 
        "model": "admin.logentry", 
        "fields": {
            "action_flag": 3, 
            "action_time": "2012-03-12 17:54:42", 
            "object_repr": "file here", 
            "object_id": "10", 
            "change_message": "", 
            "user": 1, 
            "content_type": 16
        }
    }, 
    {
        "pk": 189, 
        "model": "admin.logentry", 
        "fields": {
            "action_flag": 3, 
            "action_time": "2012-03-12 17:54:34", 
            "object_repr": "files/2012/03/12/Sec_allocation_2.doc", 
            "object_id": "1", 
            "change_message": "", 
            "user": 1, 
            "content_type": 25
        }
    }, 
    {
        "pk": 188, 
        "model": "admin.logentry", 
        "fields": {
            "action_flag": 3, 
            "action_time": "2012-03-12 17:54:34", 
            "object_repr": "files/2012/03/12/apache2-on-rhel.pdf", 
            "object_id": "2", 
            "change_message": "", 
            "user": 1, 
            "content_type": 25
        }
    }, 
    {
        "pk": 187, 
        "model": "admin.logentry", 
        "fields": {
            "action_flag": 3, 
            "action_time": "2012-03-12 17:54:34", 
            "object_repr": "files/2012/03/12/Sec_allocation_3.doc", 
            "object_id": "3", 
            "change_message": "", 
            "user": 1, 
            "content_type": 25
        }
    }, 
    {
        "pk": 186, 
        "model": "admin.logentry", 
        "fields": {
            "action_flag": 3, 
            "action_time": "2012-03-12 17:54:24", 
            "object_repr": "photos/2012/03/12/Screen_shot_2012-03-09_at_5.42.17_PM_2.png", 
            "object_id": "1", 
            "change_message": "", 
            "user": 1, 
            "content_type": 24
        }
    }, 
    {
        "pk": 185, 
        "model": "admin.logentry", 
        "fields": {
            "action_flag": 3, 
            "action_time": "2012-03-12 17:54:24", 
            "object_repr": "photos/2012/03/12/Screen_shot_2012-03-09_at_11.14.03_AM_1.png", 
            "object_id": "2", 
            "change_message": "", 
            "user": 1, 
            "content_type": 24
        }
    }, 
    {
        "pk": 184, 
        "model": "admin.logentry", 
        "fields": {
            "action_flag": 3, 
            "action_time": "2012-03-12 17:49:22", 
            "object_repr": "a", 
            "object_id": "4", 
            "change_message": "", 
            "user": 1, 
            "content_type": 3
        }
    }, 
    {
        "pk": 183, 
        "model": "admin.logentry", 
        "fields": {
            "action_flag": 1, 
            "action_time": "2012-03-12 17:48:02", 
            "object_repr": "Profile of johanna", 
            "object_id": "3", 
            "change_message": "", 
            "user": 1, 
            "content_type": 14
        }
    }, 
    {
        "pk": 182, 
        "model": "admin.logentry", 
        "fields": {
            "action_flag": 2, 
            "action_time": "2012-03-12 17:46:35", 
            "object_repr": "johanna", 
            "object_id": "3", 
            "change_message": "Changed first_name, last_name, email, is_staff, user_permissions and groups.", 
            "user": 1, 
            "content_type": 3
        }
    }, 
    {
        "pk": 181, 
        "model": "admin.logentry", 
        "fields": {
            "action_flag": 1, 
            "action_time": "2012-03-12 17:44:34", 
            "object_repr": "johanna", 
            "object_id": "3", 
            "change_message": "", 
            "user": 1, 
            "content_type": 3
        }
    }, 
    {
        "pk": 180, 
        "model": "admin.logentry", 
        "fields": {
            "action_flag": 3, 
            "action_time": "2012-03-12 17:42:27", 
            "object_repr": "this", 
            "object_id": "5", 
            "change_message": "", 
            "user": 1, 
            "content_type": 3
        }
    }, 
    {
        "pk": 179, 
        "model": "admin.logentry", 
        "fields": {
            "action_flag": 3, 
            "action_time": "2012-03-12 17:42:27", 
            "object_repr": "mpad", 
            "object_id": "9", 
            "change_message": "", 
            "user": 1, 
            "content_type": 3
        }
    }, 
    {
        "pk": 178, 
        "model": "admin.logentry", 
        "fields": {
            "action_flag": 3, 
            "action_time": "2012-03-12 17:42:27", 
            "object_repr": "jtext", 
            "object_id": "8", 
            "change_message": "", 
            "user": 1, 
            "content_type": 3
        }
    }, 
    {
        "pk": 177, 
        "model": "admin.logentry", 
        "fields": {
            "action_flag": 3, 
            "action_time": "2012-03-12 17:42:27", 
            "object_repr": "jramboooo", 
            "object_id": "7", 
            "change_message": "", 
            "user": 1, 
            "content_type": 3
        }
    }, 
    {
        "pk": 176, 
        "model": "admin.logentry", 
        "fields": {
            "action_flag": 3, 
            "action_time": "2012-03-12 17:42:27", 
            "object_repr": "jrambo", 
            "object_id": "6", 
            "change_message": "", 
            "user": 1, 
            "content_type": 3
        }
    }, 
    {
        "pk": 175, 
        "model": "admin.logentry", 
        "fields": {
            "action_flag": 3, 
            "action_time": "2012-03-12 17:42:27", 
            "object_repr": "b", 
            "object_id": "4", 
            "change_message": "", 
            "user": 1, 
            "content_type": 3
        }
    }, 
    {
        "pk": 174, 
        "model": "admin.logentry", 
        "fields": {
            "action_flag": 3, 
            "action_time": "2012-03-12 17:42:27", 
            "object_repr": "aone", 
            "object_id": "10", 
            "change_message": "", 
            "user": 1, 
            "content_type": 3
        }
    }, 
    {
        "pk": 173, 
        "model": "admin.logentry", 
        "fields": {
            "action_flag": 3, 
            "action_time": "2012-03-12 17:42:27", 
            "object_repr": "a", 
            "object_id": "3", 
            "change_message": "", 
            "user": 1, 
            "content_type": 3
        }
    }, 
    {
        "pk": 172, 
        "model": "admin.logentry", 
        "fields": {
            "action_flag": 2, 
            "action_time": "2012-03-12 17:12:02", 
            "object_repr": "table", 
            "object_id": "9", 
            "change_message": "Deleted photo \"\".", 
            "user": 1, 
            "content_type": 16
        }
    }, 
    {
        "pk": 171, 
        "model": "admin.logentry", 
        "fields": {
            "action_flag": 2, 
            "action_time": "2012-03-12 17:10:38", 
            "object_repr": "file here", 
            "object_id": "10", 
            "change_message": "Changed status.", 
            "user": 1, 
            "content_type": 16
        }
    }, 
    {
        "pk": 170, 
        "model": "admin.logentry", 
        "fields": {
            "action_flag": 2, 
            "action_time": "2012-03-12 17:09:38", 
            "object_repr": "table", 
            "object_id": "9", 
            "change_message": "Deleted document \"\".", 
            "user": 1, 
            "content_type": 16
        }
    }, 
    {
        "pk": 169, 
        "model": "admin.logentry", 
        "fields": {
            "action_flag": 2, 
            "action_time": "2012-03-12 17:09:34", 
            "object_repr": "table", 
            "object_id": "9", 
            "change_message": "Changed caption for photo \"\".", 
            "user": 1, 
            "content_type": 16
        }
    }, 
    {
        "pk": 168, 
        "model": "admin.logentry", 
        "fields": {
            "action_flag": 2, 
            "action_time": "2012-03-12 16:52:20", 
            "object_repr": "table", 
            "object_id": "9", 
            "change_message": "Changed image for photo \"\". Changed document for document \"\".", 
            "user": 1, 
            "content_type": 16
        }
    }, 
    {
        "pk": 167, 
        "model": "admin.logentry", 
        "fields": {
            "action_flag": 3, 
            "action_time": "2012-03-12 16:51:55", 
            "object_repr": "asdf", 
            "object_id": "7", 
            "change_message": "", 
            "user": 1, 
            "content_type": 16
        }
    }, 
    {
        "pk": 166, 
        "model": "admin.logentry", 
        "fields": {
            "action_flag": 3, 
            "action_time": "2012-03-12 16:51:49", 
            "object_repr": "aaaaaaaaa", 
            "object_id": "8", 
            "change_message": "", 
            "user": 1, 
            "content_type": 16
        }
    }, 
    {
        "pk": 165, 
        "model": "admin.logentry", 
        "fields": {
            "action_flag": 3, 
            "action_time": "2012-03-12 16:51:44", 
            "object_repr": "asdgfsdfg", 
            "object_id": "5", 
            "change_message": "", 
            "user": 1, 
            "content_type": 16
        }
    }, 
    {
        "pk": 164, 
        "model": "admin.logentry", 
        "fields": {
            "action_flag": 2, 
            "action_time": "2012-03-12 16:51:29", 
            "object_repr": "files and photos", 
            "object_id": "6", 
            "change_message": "Changed title.", 
            "user": 1, 
            "content_type": 16
        }
    }, 
    {
        "pk": 163, 
        "model": "admin.logentry", 
        "fields": {
            "action_flag": 2, 
            "action_time": "2012-03-12 16:47:57", 
            "object_repr": "Homepage", 
            "object_id": "4", 
            "change_message": "No fields changed.", 
            "user": 1, 
            "content_type": 16
        }
    }, 
    {
        "pk": 162, 
        "model": "admin.logentry", 
        "fields": {
            "action_flag": 1, 
            "action_time": "2012-03-12 16:47:34", 
            "object_repr": "video", 
            "object_id": "10", 
            "change_message": "", 
            "user": 1, 
            "content_type": 11
        }
    }, 
    {
        "pk": 161, 
        "model": "admin.logentry", 
        "fields": {
            "action_flag": 1, 
            "action_time": "2012-03-12 16:47:28", 
            "object_repr": "tool", 
            "object_id": "9", 
            "change_message": "", 
            "user": 1, 
            "content_type": 11
        }
    }, 
    {
        "pk": 160, 
        "model": "admin.logentry", 
        "fields": {
            "action_flag": 1, 
            "action_time": "2012-03-12 16:47:22", 
            "object_repr": "sop", 
            "object_id": "8", 
            "change_message": "", 
            "user": 1, 
            "content_type": 11
        }
    }, 
    {
        "pk": 159, 
        "model": "admin.logentry", 
        "fields": {
            "action_flag": 1, 
            "action_time": "2012-03-12 16:47:08", 
            "object_repr": "pra", 
            "object_id": "7", 
            "change_message": "", 
            "user": 1, 
            "content_type": 11
        }
    }, 
    {
        "pk": 158, 
        "model": "admin.logentry", 
        "fields": {
            "action_flag": 1, 
            "action_time": "2012-03-12 16:47:02", 
            "object_repr": "photo", 
            "object_id": "6", 
            "change_message": "", 
            "user": 1, 
            "content_type": 11
        }
    }, 
    {
        "pk": 157, 
        "model": "admin.logentry", 
        "fields": {
            "action_flag": 1, 
            "action_time": "2012-03-12 16:46:56", 
            "object_repr": "other", 
            "object_id": "5", 
            "change_message": "", 
            "user": 1, 
            "content_type": 11
        }
    }, 
    {
        "pk": 156, 
        "model": "admin.logentry", 
        "fields": {
            "action_flag": 1, 
            "action_time": "2012-03-12 16:46:50", 
            "object_repr": "manual", 
            "object_id": "4", 
            "change_message": "", 
            "user": 1, 
            "content_type": 11
        }
    }, 
    {
        "pk": 155, 
        "model": "admin.logentry", 
        "fields": {
            "action_flag": 1, 
            "action_time": "2012-03-12 16:46:45", 
            "object_repr": "guideline", 
            "object_id": "3", 
            "change_message": "", 
            "user": 1, 
            "content_type": 11
        }
    }, 
    {
        "pk": 154, 
        "model": "admin.logentry", 
        "fields": {
            "action_flag": 1, 
            "action_time": "2012-03-12 16:46:39", 
            "object_repr": "e-learning", 
            "object_id": "2", 
            "change_message": "", 
            "user": 1, 
            "content_type": 11
        }
    }, 
    {
        "pk": 153, 
        "model": "admin.logentry", 
        "fields": {
            "action_flag": 2, 
            "action_time": "2012-03-12 16:46:06", 
            "object_repr": "Miscellaneous", 
            "object_id": "5", 
            "change_message": "Changed description.", 
            "user": 1, 
            "content_type": 15
        }
    }, 
    {
        "pk": 152, 
        "model": "admin.logentry", 
        "fields": {
            "action_flag": 2, 
            "action_time": "2012-03-12 16:45:56", 
            "object_repr": "Training Materials", 
            "object_id": "4", 
            "change_message": "Changed description.", 
            "user": 1, 
            "content_type": 15
        }
    }, 
    {
        "pk": 151, 
        "model": "admin.logentry", 
        "fields": {
            "action_flag": 2, 
            "action_time": "2012-03-12 16:45:46", 
            "object_repr": "Media Library", 
            "object_id": "3", 
            "change_message": "Changed description.", 
            "user": 1, 
            "content_type": 15
        }
    }, 
    {
        "pk": 150, 
        "model": "admin.logentry", 
        "fields": {
            "action_flag": 2, 
            "action_time": "2012-03-12 16:45:35", 
            "object_repr": "Advocacy", 
            "object_id": "2", 
            "change_message": "Changed description.", 
            "user": 1, 
            "content_type": 15
        }
    }, 
    {
        "pk": 149, 
        "model": "admin.logentry", 
        "fields": {
            "action_flag": 2, 
            "action_time": "2012-03-12 16:45:15", 
            "object_repr": "Databases & Tools", 
            "object_id": "1", 
            "change_message": "Changed description.", 
            "user": 1, 
            "content_type": 15
        }
    }, 
    {
        "pk": 148, 
        "model": "admin.logentry", 
        "fields": {
            "action_flag": 2, 
            "action_time": "2012-03-12 16:44:41", 
            "object_repr": "Homepage", 
            "object_id": "4", 
            "change_message": "Changed body.", 
            "user": 1, 
            "content_type": 16
        }
    }, 
    {
        "pk": 147, 
        "model": "admin.logentry", 
        "fields": {
            "action_flag": 2, 
            "action_time": "2012-03-12 15:41:50", 
            "object_repr": "table", 
            "object_id": "9", 
            "change_message": "Changed tags.", 
            "user": 1, 
            "content_type": 16
        }
    }, 
    {
        "pk": 146, 
        "model": "admin.logentry", 
        "fields": {
            "action_flag": 2, 
            "action_time": "2012-03-12 15:41:30", 
            "object_repr": "table", 
            "object_id": "9", 
            "change_message": "Changed status.", 
            "user": 1, 
            "content_type": 16
        }
    }, 
    {
        "pk": 145, 
        "model": "admin.logentry", 
        "fields": {
            "action_flag": 2, 
            "action_time": "2012-03-12 15:35:31", 
            "object_repr": "aaa", 
            "object_id": "6", 
            "change_message": "Changed caption for photo \"photos/2012/03/12/Screen_shot_2012-03-09_at_5.42.17_PM_2.png\".", 
            "user": 1, 
            "content_type": 16
        }
    }, 
    {
        "pk": 144, 
        "model": "admin.logentry", 
        "fields": {
            "action_flag": 2, 
            "action_time": "2012-03-12 15:33:02", 
            "object_repr": "aaa", 
            "object_id": "6", 
            "change_message": "Changed org_title, url, contact_type, contact_email, contact_address, featured and tags.", 
            "user": 1, 
            "content_type": 16
        }
    }, 
    {
        "pk": 143, 
        "model": "admin.logentry", 
        "fields": {
            "action_flag": 2, 
            "action_time": "2012-03-12 15:32:18", 
            "object_repr": "aaa", 
            "object_id": "6", 
            "change_message": "Changed ippc_resource. Added photo \"photos/2012/03/12/Screen_shot_2012-03-09_at_11.14.03_AM_1.png\". Added document \"files/2012/03/12/apache2-on-rhel.pdf\".", 
            "user": 1, 
            "content_type": 16
        }
    }, 
    {
        "pk": 142, 
        "model": "admin.logentry", 
        "fields": {
            "action_flag": 1, 
            "action_time": "2012-03-12 15:29:04", 
            "object_repr": "aaaaaaaaa", 
            "object_id": "8", 
            "change_message": "", 
            "user": 1, 
            "content_type": 16
        }
    }, 
    {
        "pk": 141, 
        "model": "admin.logentry", 
        "fields": {
            "action_flag": 1, 
            "action_time": "2012-03-12 15:28:35", 
            "object_repr": "asdf", 
            "object_id": "7", 
            "change_message": "", 
            "user": 1, 
            "content_type": 16
        }
    }, 
    {
        "pk": 140, 
        "model": "admin.logentry", 
        "fields": {
            "action_flag": 2, 
            "action_time": "2012-03-12 15:25:07", 
            "object_repr": "aaa", 
            "object_id": "6", 
            "change_message": "Changed status.", 
            "user": 1, 
            "content_type": 16
        }
    }, 
    {
        "pk": 139, 
        "model": "admin.logentry", 
        "fields": {
            "action_flag": 1, 
            "action_time": "2012-03-12 15:22:51", 
            "object_repr": "asdgfsdfg", 
            "object_id": "5", 
            "change_message": "", 
            "user": 1, 
            "content_type": 16
        }
    }, 
    {
        "pk": 138, 
        "model": "admin.logentry", 
        "fields": {
            "action_flag": 1, 
            "action_time": "2012-03-12 14:21:41", 
            "object_repr": "Resource", 
            "object_id": "5", 
            "change_message": "", 
            "user": 1, 
            "content_type": 16
        }
    }, 
    {
        "pk": 137, 
        "model": "admin.logentry", 
        "fields": {
            "action_flag": 1, 
            "action_time": "2012-03-12 14:20:49", 
            "object_repr": "project", 
            "object_id": "1", 
            "change_message": "", 
            "user": 1, 
            "content_type": 26
        }
    }, 
    {
        "pk": 136, 
        "model": "admin.logentry", 
        "fields": {
            "action_flag": 2, 
            "action_time": "2012-03-12 14:05:24", 
            "object_repr": "Document only", 
            "object_id": "5", 
            "change_message": "Added photo \"photos/2012/03/12/Screen_shot_2012-03-09_at_11.14.03_AM.png\". Added document \"files/2012/03/12/Screen_shot_2012-03-09_at_5.42.17_PM.png\".", 
            "user": 1, 
            "content_type": 16
        }
    }, 
    {
        "pk": 135, 
        "model": "admin.logentry", 
        "fields": {
            "action_flag": 2, 
            "action_time": "2012-03-12 14:05:00", 
            "object_repr": "Document only", 
            "object_id": "5", 
            "change_message": "Added document \"files/2012/03/12/Screen_shot_2012-03-09_at_4.53.03_PM.png\".", 
            "user": 1, 
            "content_type": 16
        }
    }, 
    {
        "pk": 134, 
        "model": "admin.logentry", 
        "fields": {
            "action_flag": 2, 
            "action_time": "2012-03-12 11:42:10", 
            "object_repr": "Document only", 
            "object_id": "5", 
            "change_message": "Added photo \"photos/2012/03/12/imagetitle_3.png\".", 
            "user": 1, 
            "content_type": 16
        }
    }, 
    {
        "pk": 133, 
        "model": "admin.logentry", 
        "fields": {
            "action_flag": 2, 
            "action_time": "2012-03-12 11:39:37", 
            "object_repr": "Document only", 
            "object_id": "5", 
            "change_message": "Changed status.", 
            "user": 1, 
            "content_type": 16
        }
    }, 
    {
        "pk": 132, 
        "model": "admin.logentry", 
        "fields": {
            "action_flag": 2, 
            "action_time": "2012-03-12 10:46:31", 
            "object_repr": "E esse qaui tem foto", 
            "object_id": "37", 
            "change_message": "Changed status.", 
            "user": 1, 
            "content_type": 16
        }
    }, 
    {
        "pk": 131, 
        "model": "admin.logentry", 
        "fields": {
            "action_flag": 2, 
            "action_time": "2012-03-12 10:42:30", 
            "object_repr": "nooooothing", 
            "object_id": "36", 
            "change_message": "No fields changed.", 
            "user": 1, 
            "content_type": 16
        }
    }, 
    {
        "pk": 130, 
        "model": "admin.logentry", 
        "fields": {
            "action_flag": 3, 
            "action_time": "2012-03-12 10:40:43", 
            "object_repr": "tem sim", 
            "object_id": "36", 
            "change_message": "", 
            "user": 1, 
            "content_type": 16
        }
    }, 
    {
        "pk": 129, 
        "model": "admin.logentry", 
        "fields": {
            "action_flag": 2, 
            "action_time": "2012-03-12 10:39:47", 
            "object_repr": "tem sim", 
            "object_id": "36", 
            "change_message": "Changed pub_date.", 
            "user": 1, 
            "content_type": 16
        }
    }, 
    {
        "pk": 128, 
        "model": "admin.logentry", 
        "fields": {
            "action_flag": 2, 
            "action_time": "2012-03-12 10:39:30", 
            "object_repr": "tem sim", 
            "object_id": "36", 
            "change_message": "Added photo \"photos/2012/03/12/Screen_shot_2012-03-09_at_4.53.03_PM_1.png\".", 
            "user": 1, 
            "content_type": 16
        }
    }, 
    {
        "pk": 127, 
        "model": "admin.logentry", 
        "fields": {
            "action_flag": 2, 
            "action_time": "2012-03-12 10:38:51", 
            "object_repr": "tem sim", 
            "object_id": "36", 
            "change_message": "Added photo \"photos/2012/03/12/Screen_shot_2012-03-09_at_4.53.03_PM.png\".", 
            "user": 1, 
            "content_type": 16
        }
    }, 
    {
        "pk": 126, 
        "model": "admin.logentry", 
        "fields": {
            "action_flag": 2, 
            "action_time": "2012-03-12 10:35:43", 
            "object_repr": "tem sim", 
            "object_id": "36", 
            "change_message": "Changed document.", 
            "user": 1, 
            "content_type": 16
        }
    }, 
    {
        "pk": 125, 
        "model": "admin.logentry", 
        "fields": {
            "action_flag": 2, 
            "action_time": "2012-03-12 10:32:27", 
            "object_repr": "tem sim", 
            "object_id": "36", 
            "change_message": "No fields changed.", 
            "user": 1, 
            "content_type": 16
        }
    }, 
    {
        "pk": 124, 
        "model": "admin.logentry", 
        "fields": {
            "action_flag": 2, 
            "action_time": "2012-03-12 10:32:08", 
            "object_repr": "tem sim", 
            "object_id": "36", 
            "change_message": "Changed status.", 
            "user": 1, 
            "content_type": 16
        }
    }, 
    {
        "pk": 123, 
        "model": "admin.logentry", 
        "fields": {
            "action_flag": 2, 
            "action_time": "2012-03-09 17:44:05", 
            "object_repr": "no photo", 
            "object_id": "20", 
            "change_message": "Changed status.", 
            "user": 1, 
            "content_type": 16
        }
    }, 
    {
        "pk": 122, 
        "model": "admin.logentry", 
        "fields": {
            "action_flag": 2, 
            "action_time": "2012-03-09 17:42:41", 
            "object_repr": "key", 
            "object_id": "19", 
            "change_message": "Changed status.", 
            "user": 1, 
            "content_type": 16
        }
    }, 
    {
        "pk": 121, 
        "model": "admin.logentry", 
        "fields": {
            "action_flag": 2, 
            "action_time": "2012-03-09 17:25:56", 
            "object_repr": "nothing", 
            "object_id": "18", 
            "change_message": "Changed status.", 
            "user": 1, 
            "content_type": 16
        }
    }, 
    {
        "pk": 120, 
        "model": "admin.logentry", 
        "fields": {
            "action_flag": 2, 
            "action_time": "2012-03-09 17:11:00", 
            "object_repr": "Photography Here", 
            "object_id": "17", 
            "change_message": "Changed status.", 
            "user": 1, 
            "content_type": 16
        }
    }, 
    {
        "pk": 119, 
        "model": "admin.logentry", 
        "fields": {
            "action_flag": 3, 
            "action_time": "2012-03-09 17:09:16", 
            "object_repr": "", 
            "object_id": "18", 
            "change_message": "", 
            "user": 1, 
            "content_type": 24
        }
    }, 
    {
        "pk": 118, 
        "model": "admin.logentry", 
        "fields": {
            "action_flag": 3, 
            "action_time": "2012-03-09 17:09:16", 
            "object_repr": "", 
            "object_id": "17", 
            "change_message": "", 
            "user": 1, 
            "content_type": 24
        }
    }, 
    {
        "pk": 117, 
        "model": "admin.logentry", 
        "fields": {
            "action_flag": 3, 
            "action_time": "2012-03-09 17:09:16", 
            "object_repr": "", 
            "object_id": "15", 
            "change_message": "", 
            "user": 1, 
            "content_type": 24
        }
    }, 
    {
        "pk": 116, 
        "model": "admin.logentry", 
        "fields": {
            "action_flag": 3, 
            "action_time": "2012-03-09 17:09:16", 
            "object_repr": "", 
            "object_id": "14", 
            "change_message": "", 
            "user": 1, 
            "content_type": 24
        }
    }, 
    {
        "pk": 115, 
        "model": "admin.logentry", 
        "fields": {
            "action_flag": 3, 
            "action_time": "2012-03-09 17:09:16", 
            "object_repr": "", 
            "object_id": "12", 
            "change_message": "", 
            "user": 1, 
            "content_type": 24
        }
    }, 
    {
        "pk": 114, 
        "model": "admin.logentry", 
        "fields": {
            "action_flag": 3, 
            "action_time": "2012-03-09 17:09:16", 
            "object_repr": "", 
            "object_id": "11", 
            "change_message": "", 
            "user": 1, 
            "content_type": 24
        }
    }, 
    {
        "pk": 113, 
        "model": "admin.logentry", 
        "fields": {
            "action_flag": 3, 
            "action_time": "2012-03-09 17:09:16", 
            "object_repr": "", 
            "object_id": "8", 
            "change_message": "", 
            "user": 1, 
            "content_type": 24
        }
    }, 
    {
        "pk": 112, 
        "model": "admin.logentry", 
        "fields": {
            "action_flag": 3, 
            "action_time": "2012-03-09 17:09:16", 
            "object_repr": "", 
            "object_id": "7", 
            "change_message": "", 
            "user": 1, 
            "content_type": 24
        }
    }, 
    {
        "pk": 111, 
        "model": "admin.logentry", 
        "fields": {
            "action_flag": 3, 
            "action_time": "2012-03-09 17:09:16", 
            "object_repr": "", 
            "object_id": "5", 
            "change_message": "", 
            "user": 1, 
            "content_type": 24
        }
    }, 
    {
        "pk": 110, 
        "model": "admin.logentry", 
        "fields": {
            "action_flag": 3, 
            "action_time": "2012-03-09 17:09:16", 
            "object_repr": "", 
            "object_id": "4", 
            "change_message": "", 
            "user": 1, 
            "content_type": 24
        }
    }, 
    {
        "pk": 109, 
        "model": "admin.logentry", 
        "fields": {
            "action_flag": 2, 
            "action_time": "2012-03-09 16:53:28", 
            "object_repr": "bottle", 
            "object_id": "14", 
            "change_message": "Changed status.", 
            "user": 1, 
            "content_type": 16
        }
    }, 
    {
        "pk": 108, 
        "model": "admin.logentry", 
        "fields": {
            "action_flag": 2, 
            "action_time": "2012-03-09 16:51:28", 
            "object_repr": "ddddddd", 
            "object_id": "13", 
            "change_message": "Changed status.", 
            "user": 1, 
            "content_type": 16
        }
    }, 
    {
        "pk": 107, 
        "model": "admin.logentry", 
        "fields": {
            "action_flag": 2, 
            "action_time": "2012-03-09 16:39:26", 
            "object_repr": "photomustwork", 
            "object_id": "12", 
            "change_message": "Deleted photo \"another one\".", 
            "user": 1, 
            "content_type": 16
        }
    }, 
    {
        "pk": 106, 
        "model": "admin.logentry", 
        "fields": {
            "action_flag": 2, 
            "action_time": "2012-03-09 16:13:41", 
            "object_repr": "photomustwork", 
            "object_id": "12", 
            "change_message": "Deleted photo \"\".", 
            "user": 1, 
            "content_type": 16
        }
    }, 
    {
        "pk": 105, 
        "model": "admin.logentry", 
        "fields": {
            "action_flag": 2, 
            "action_time": "2012-03-09 16:11:13", 
            "object_repr": "photomustwork", 
            "object_id": "12", 
            "change_message": "Changed title, image and caption for photo \"another one\".", 
            "user": 1, 
            "content_type": 16
        }
    }, 
    {
        "pk": 104, 
        "model": "admin.logentry", 
        "fields": {
            "action_flag": 2, 
            "action_time": "2012-03-09 15:52:25", 
            "object_repr": "photomustwork", 
            "object_id": "12", 
            "change_message": "Changed status.", 
            "user": 1, 
            "content_type": 16
        }
    }, 
    {
        "pk": 103, 
        "model": "admin.logentry", 
        "fields": {
            "action_flag": 2, 
            "action_time": "2012-03-09 11:14:28", 
            "object_repr": "Photograph", 
            "object_id": "6", 
            "change_message": "Added photo \"Another photo\". Changed title for photo \"Photo One\".", 
            "user": 1, 
            "content_type": 16
        }
    }, 
    {
        "pk": 102, 
        "model": "admin.logentry", 
        "fields": {
            "action_flag": 2, 
            "action_time": "2012-03-09 11:05:11", 
            "object_repr": "Photograph", 
            "object_id": "6", 
            "change_message": "Changed title and body.", 
            "user": 1, 
            "content_type": 16
        }
    }, 
    {
        "pk": 101, 
        "model": "admin.logentry", 
        "fields": {
            "action_flag": 2, 
            "action_time": "2012-03-09 11:04:34", 
            "object_repr": "photo", 
            "object_id": "6", 
            "change_message": "Changed caption for photo \"Screenshot!\".", 
            "user": 1, 
            "content_type": 16
        }
    }, 
    {
        "pk": 100, 
        "model": "admin.logentry", 
        "fields": {
            "action_flag": 2, 
            "action_time": "2012-03-09 09:10:21", 
            "object_repr": "photo", 
            "object_id": "6", 
            "change_message": "Changed document.", 
            "user": 1, 
            "content_type": 16
        }
    }, 
    {
        "pk": 99, 
        "model": "admin.logentry", 
        "fields": {
            "action_flag": 2, 
            "action_time": "2012-03-09 09:10:09", 
            "object_repr": "photo", 
            "object_id": "6", 
            "change_message": "Changed document.", 
            "user": 1, 
            "content_type": 16
        }
    }, 
    {
        "pk": 98, 
        "model": "admin.logentry", 
        "fields": {
            "action_flag": 2, 
            "action_time": "2012-03-09 09:03:53", 
            "object_repr": "photo", 
            "object_id": "6", 
            "change_message": "Added photo \"Screenshot!\".", 
            "user": 1, 
            "content_type": 16
        }
    }, 
    {
        "pk": 97, 
        "model": "admin.logentry", 
        "fields": {
            "action_flag": 1, 
            "action_time": "2012-03-09 09:01:47", 
            "object_repr": "photo", 
            "object_id": "6", 
            "change_message": "", 
            "user": 1, 
            "content_type": 16
        }
    }, 
    {
        "pk": 96, 
        "model": "admin.logentry", 
        "fields": {
            "action_flag": 2, 
            "action_time": "2012-03-09 08:45:00", 
            "object_repr": "Media Library", 
            "object_id": "3", 
            "change_message": "Changed description.", 
            "user": 1, 
            "content_type": 15
        }
    }, 
    {
        "pk": 95, 
        "model": "admin.logentry", 
        "fields": {
            "action_flag": 2, 
            "action_time": "2012-03-09 08:44:26", 
            "object_repr": "Databases & Tools", 
            "object_id": "1", 
            "change_message": "No fields changed.", 
            "user": 1, 
            "content_type": 15
        }
    }, 
    {
        "pk": 94, 
        "model": "admin.logentry", 
        "fields": {
            "action_flag": 2, 
            "action_time": "2012-03-08 17:17:25", 
            "object_repr": "Homepage", 
            "object_id": "4", 
            "change_message": "Changed body.", 
            "user": 1, 
            "content_type": 16
        }
    }, 
    {
        "pk": 93, 
        "model": "admin.logentry", 
        "fields": {
            "action_flag": 2, 
            "action_time": "2012-03-08 17:17:08", 
            "object_repr": "Homepage", 
            "object_id": "4", 
            "change_message": "Changed body.", 
            "user": 1, 
            "content_type": 16
        }
    }, 
    {
        "pk": 92, 
        "model": "admin.logentry", 
        "fields": {
            "action_flag": 1, 
            "action_time": "2012-03-08 16:52:50", 
            "object_repr": "Phytosanitary Capacity Development Projects", 
            "object_id": "5", 
            "change_message": "", 
            "user": 1, 
            "content_type": 16
        }
    }, 
    {
        "pk": 91, 
        "model": "admin.logentry", 
        "fields": {
            "action_flag": 2, 
            "action_time": "2012-03-08 16:41:09", 
            "object_repr": "Databases & Tools", 
            "object_id": "1", 
            "change_message": "Changed description.", 
            "user": 1, 
            "content_type": 15
        }
    }, 
    {
        "pk": 90, 
        "model": "admin.logentry", 
        "fields": {
            "action_flag": 1, 
            "action_time": "2012-03-08 16:40:31", 
            "object_repr": "Homepage", 
            "object_id": "4", 
            "change_message": "", 
            "user": 1, 
            "content_type": 16
        }
    }, 
    {
        "pk": 89, 
        "model": "admin.logentry", 
        "fields": {
            "action_flag": 2, 
            "action_time": "2012-03-08 14:34:04", 
            "object_repr": "Resource Title", 
            "object_id": "2", 
            "change_message": "Changed status.", 
            "user": 1, 
            "content_type": 16
        }
    }, 
    {
        "pk": 88, 
        "model": "admin.logentry", 
        "fields": {
            "action_flag": 1, 
            "action_time": "2012-03-08 14:33:50", 
            "object_repr": "Resource Title", 
            "object_id": "2", 
            "change_message": "", 
            "user": 1, 
            "content_type": 16
        }
    }, 
    {
        "pk": 87, 
        "model": "admin.logentry", 
        "fields": {
            "action_flag": 3, 
            "action_time": "2012-03-08 11:24:21", 
            "object_repr": "Homepage", 
            "object_id": "14", 
            "change_message": "", 
            "user": 1, 
            "content_type": 16
        }
    }, 
    {
        "pk": 86, 
        "model": "admin.logentry", 
        "fields": {
            "action_flag": 1, 
            "action_time": "2012-03-08 11:23:13", 
            "object_repr": "Homepage", 
            "object_id": "14", 
            "change_message": "", 
            "user": 1, 
            "content_type": 16
        }
    }, 
    {
        "pk": 85, 
        "model": "admin.logentry", 
        "fields": {
            "action_flag": 2, 
            "action_time": "2012-03-08 10:42:23", 
            "object_repr": "Homepage", 
            "object_id": "8", 
            "change_message": "Changed body.", 
            "user": 1, 
            "content_type": 16
        }
    }, 
    {
        "pk": 84, 
        "model": "admin.logentry", 
        "fields": {
            "action_flag": 2, 
            "action_time": "2012-03-08 10:42:13", 
            "object_repr": "Homepage", 
            "object_id": "8", 
            "change_message": "Changed body.", 
            "user": 1, 
            "content_type": 16
        }
    }, 
    {
        "pk": 83, 
        "model": "admin.logentry", 
        "fields": {
            "action_flag": 2, 
            "action_time": "2012-03-08 10:41:37", 
            "object_repr": "Homepage", 
            "object_id": "8", 
            "change_message": "No fields changed.", 
            "user": 1, 
            "content_type": 16
        }
    }, 
    {
        "pk": 82, 
        "model": "admin.logentry", 
        "fields": {
            "action_flag": 2, 
            "action_time": "2012-03-07 17:18:14", 
            "object_repr": "asdf", 
            "object_id": "9", 
            "change_message": "Changed status.", 
            "user": 1, 
            "content_type": 16
        }
    }, 
    {
        "pk": 81, 
        "model": "admin.logentry", 
        "fields": {
            "action_flag": 1, 
            "action_time": "2012-03-07 17:17:37", 
            "object_repr": "dsdd", 
            "object_id": "13", 
            "change_message": "", 
            "user": 1, 
            "content_type": 16
        }
    }, 
    {
        "pk": 80, 
        "model": "admin.logentry", 
        "fields": {
            "action_flag": 1, 
            "action_time": "2012-03-07 17:17:12", 
            "object_repr": "fghgfhgghhg", 
            "object_id": "12", 
            "change_message": "", 
            "user": 1, 
            "content_type": 16
        }
    }, 
    {
        "pk": 79, 
        "model": "admin.logentry", 
        "fields": {
            "action_flag": 1, 
            "action_time": "2012-03-07 17:17:03", 
            "object_repr": "asdf", 
            "object_id": "11", 
            "change_message": "", 
            "user": 1, 
            "content_type": 16
        }
    }, 
    {
        "pk": 78, 
        "model": "admin.logentry", 
        "fields": {
            "action_flag": 2, 
            "action_time": "2012-03-07 17:16:51", 
            "object_repr": "Homepage", 
            "object_id": "8", 
            "change_message": "Changed pub_date.", 
            "user": 1, 
            "content_type": 16
        }
    }, 
    {
        "pk": 77, 
        "model": "admin.logentry", 
        "fields": {
            "action_flag": 2, 
            "action_time": "2012-03-07 17:16:37", 
            "object_repr": "Homepage", 
            "object_id": "8", 
            "change_message": "Changed body.", 
            "user": 1, 
            "content_type": 16
        }
    }, 
    {
        "pk": 76, 
        "model": "admin.logentry", 
        "fields": {
            "action_flag": 2, 
            "action_time": "2012-03-07 17:07:42", 
            "object_repr": "Homepage", 
            "object_id": "8", 
            "change_message": "Changed status.", 
            "user": 1, 
            "content_type": 16
        }
    }, 
    {
        "pk": 75, 
        "model": "admin.logentry", 
        "fields": {
            "action_flag": 2, 
            "action_time": "2012-03-07 17:07:28", 
            "object_repr": "Homepage", 
            "object_id": "8", 
            "change_message": "Changed status.", 
            "user": 1, 
            "content_type": 16
        }
    }, 
    {
        "pk": 74, 
        "model": "admin.logentry", 
        "fields": {
            "action_flag": 2, 
            "action_time": "2012-03-07 17:02:52", 
            "object_repr": "Homepage", 
            "object_id": "8", 
            "change_message": "No fields changed.", 
            "user": 1, 
            "content_type": 16
        }
    }, 
    {
        "pk": 73, 
        "model": "admin.logentry", 
        "fields": {
            "action_flag": 2, 
            "action_time": "2012-03-07 17:01:14", 
            "object_repr": "Homepage", 
            "object_id": "8", 
            "change_message": "Changed title, author and slug.", 
            "user": 1, 
            "content_type": 16
        }
    }, 
    {
        "pk": 72, 
        "model": "admin.logentry", 
        "fields": {
            "action_flag": 2, 
            "action_time": "2012-03-07 16:57:10", 
            "object_repr": "Home", 
            "object_id": "8", 
            "change_message": "Changed title and slug.", 
            "user": 1, 
            "content_type": 16
        }
    }, 
    {
        "pk": 71, 
        "model": "admin.logentry", 
        "fields": {
            "action_flag": 2, 
            "action_time": "2012-03-07 16:55:13", 
            "object_repr": "Miscellaneous", 
            "object_id": "5", 
            "change_message": "Changed order.", 
            "user": 1, 
            "content_type": 15
        }
    }, 
    {
        "pk": 70, 
        "model": "admin.logentry", 
        "fields": {
            "action_flag": 2, 
            "action_time": "2012-03-07 16:55:09", 
            "object_repr": "Training Materials", 
            "object_id": "4", 
            "change_message": "Changed order.", 
            "user": 1, 
            "content_type": 15
        }
    }, 
    {
        "pk": 69, 
        "model": "admin.logentry", 
        "fields": {
            "action_flag": 2, 
            "action_time": "2012-03-07 16:55:06", 
            "object_repr": "Media Library", 
            "object_id": "3", 
            "change_message": "Changed order.", 
            "user": 1, 
            "content_type": 15
        }
    }, 
    {
        "pk": 68, 
        "model": "admin.logentry", 
        "fields": {
            "action_flag": 2, 
            "action_time": "2012-03-07 16:55:02", 
            "object_repr": "Advocacy", 
            "object_id": "2", 
            "change_message": "Changed order.", 
            "user": 1, 
            "content_type": 15
        }
    }, 
    {
        "pk": 67, 
        "model": "admin.logentry", 
        "fields": {
            "action_flag": 2, 
            "action_time": "2012-03-07 16:54:58", 
            "object_repr": "Databases & Tools", 
            "object_id": "1", 
            "change_message": "Changed order.", 
            "user": 1, 
            "content_type": 15
        }
    }, 
    {
        "pk": 66, 
        "model": "admin.logentry", 
        "fields": {
            "action_flag": 3, 
            "action_time": "2012-03-07 16:54:52", 
            "object_repr": "Home", 
            "object_id": "6", 
            "change_message": "", 
            "user": 1, 
            "content_type": 15
        }
    }, 
    {
        "pk": 65, 
        "model": "admin.logentry", 
        "fields": {
            "action_flag": 1, 
            "action_time": "2012-03-07 16:53:11", 
            "object_repr": "Home", 
            "object_id": "6", 
            "change_message": "", 
            "user": 1, 
            "content_type": 15
        }
    }, 
    {
        "pk": 64, 
        "model": "admin.logentry", 
        "fields": {
            "action_flag": 2, 
            "action_time": "2012-03-07 16:53:01", 
            "object_repr": "Miscellaneous", 
            "object_id": "5", 
            "change_message": "Changed order.", 
            "user": 1, 
            "content_type": 15
        }
    }, 
    {
        "pk": 63, 
        "model": "admin.logentry", 
        "fields": {
            "action_flag": 2, 
            "action_time": "2012-03-07 16:52:58", 
            "object_repr": "Training Materials", 
            "object_id": "4", 
            "change_message": "Changed order.", 
            "user": 1, 
            "content_type": 15
        }
    }, 
    {
        "pk": 62, 
        "model": "admin.logentry", 
        "fields": {
            "action_flag": 2, 
            "action_time": "2012-03-07 16:52:55", 
            "object_repr": "Media Library", 
            "object_id": "3", 
            "change_message": "Changed order.", 
            "user": 1, 
            "content_type": 15
        }
    }, 
    {
        "pk": 61, 
        "model": "admin.logentry", 
        "fields": {
            "action_flag": 2, 
            "action_time": "2012-03-07 16:52:52", 
            "object_repr": "Advocacy", 
            "object_id": "2", 
            "change_message": "Changed order.", 
            "user": 1, 
            "content_type": 15
        }
    }, 
    {
        "pk": 60, 
        "model": "admin.logentry", 
        "fields": {
            "action_flag": 2, 
            "action_time": "2012-03-07 16:52:48", 
            "object_repr": "Databases & Tools", 
            "object_id": "1", 
            "change_message": "Changed order.", 
            "user": 1, 
            "content_type": 15
        }
    }, 
    {
        "pk": 59, 
        "model": "admin.logentry", 
        "fields": {
            "action_flag": 2, 
            "action_time": "2012-03-07 16:09:39", 
            "object_repr": "Woooooiiii!", 
            "object_id": "8", 
            "change_message": "Changed featured.", 
            "user": 1, 
            "content_type": 16
        }
    }, 
    {
        "pk": 58, 
        "model": "admin.logentry", 
        "fields": {
            "action_flag": 2, 
            "action_time": "2012-03-07 15:55:34", 
            "object_repr": "Databases & Tools", 
            "object_id": "1", 
            "change_message": "No fields changed.", 
            "user": 1, 
            "content_type": 15
        }
    }, 
    {
        "pk": 57, 
        "model": "admin.logentry", 
        "fields": {
            "action_flag": 2, 
            "action_time": "2012-03-04 21:06:06", 
            "object_repr": "Woooooiiii!", 
            "object_id": "8", 
            "change_message": "Changed status.", 
            "user": 1, 
            "content_type": 16
        }
    }, 
    {
        "pk": 56, 
        "model": "admin.logentry", 
        "fields": {
            "action_flag": 2, 
            "action_time": "2012-03-04 19:31:05", 
            "object_repr": "manananana", 
            "object_id": "6", 
            "change_message": "Changed slug and status.", 
            "user": 1, 
            "content_type": 16
        }
    }, 
    {
        "pk": 55, 
        "model": "admin.logentry", 
        "fields": {
            "action_flag": 3, 
            "action_time": "2012-03-04 19:11:32", 
            "object_repr": "Another File", 
            "object_id": "3", 
            "change_message": "", 
            "user": 1, 
            "content_type": 16
        }
    }, 
    {
        "pk": 54, 
        "model": "admin.logentry", 
        "fields": {
            "action_flag": 2, 
            "action_time": "2012-03-04 18:14:54", 
            "object_repr": "file", 
            "object_id": "2", 
            "change_message": "Changed slug and status.", 
            "user": 1, 
            "content_type": 16
        }
    }, 
    {
        "pk": 53, 
        "model": "admin.logentry", 
        "fields": {
            "action_flag": 1, 
            "action_time": "2012-03-04 17:38:57", 
            "object_repr": "asdf", 
            "object_id": "26", 
            "change_message": "", 
            "user": 1, 
            "content_type": 16
        }
    }, 
    {
        "pk": 52, 
        "model": "admin.logentry", 
        "fields": {
            "action_flag": 2, 
            "action_time": "2012-03-02 15:37:05", 
            "object_repr": "tt article", 
            "object_id": "14", 
            "change_message": "Changed contact_type and status.", 
            "user": 1, 
            "content_type": 16
        }
    }, 
    {
        "pk": 51, 
        "model": "admin.logentry", 
        "fields": {
            "action_flag": 2, 
            "action_time": "2012-03-02 09:53:17", 
            "object_repr": "contributors", 
            "object_id": "1", 
            "change_message": "Changed permissions.", 
            "user": 1, 
            "content_type": 2
        }
    }, 
    {
        "pk": 50, 
        "model": "admin.logentry", 
        "fields": {
            "action_flag": 2, 
            "action_time": "2012-03-02 09:48:53", 
            "object_repr": "opa", 
            "object_id": "12", 
            "change_message": "Changed contact_type and status.", 
            "user": 1, 
            "content_type": 16
        }
    }, 
    {
        "pk": 49, 
        "model": "admin.logentry", 
        "fields": {
            "action_flag": 2, 
            "action_time": "2012-03-01 11:39:23", 
            "object_repr": "contributors", 
            "object_id": "1", 
            "change_message": "Changed permissions.", 
            "user": 1, 
            "content_type": 2
        }
    }, 
    {
        "pk": 48, 
        "model": "admin.logentry", 
        "fields": {
            "action_flag": 3, 
            "action_time": "2012-03-01 11:36:50", 
            "object_repr": "test", 
            "object_id": "3", 
            "change_message": "", 
            "user": 1, 
            "content_type": 3
        }
    }, 
    {
        "pk": 47, 
        "model": "admin.logentry", 
        "fields": {
            "action_flag": 3, 
            "action_time": "2012-03-01 11:36:50", 
            "object_repr": "t", 
            "object_id": "8", 
            "change_message": "", 
            "user": 1, 
            "content_type": 3
        }
    }, 
    {
        "pk": 46, 
        "model": "admin.logentry", 
        "fields": {
            "action_flag": 3, 
            "action_time": "2012-03-01 11:36:50", 
            "object_repr": "orlando", 
            "object_id": "7", 
            "change_message": "", 
            "user": 1, 
            "content_type": 3
        }
    }, 
    {
        "pk": 45, 
        "model": "admin.logentry", 
        "fields": {
            "action_flag": 3, 
            "action_time": "2012-03-01 11:36:50", 
            "object_repr": "opa", 
            "object_id": "4", 
            "change_message": "", 
            "user": 1, 
            "content_type": 3
        }
    }, 
    {
        "pk": 44, 
        "model": "admin.logentry", 
        "fields": {
            "action_flag": 3, 
            "action_time": "2012-03-01 11:36:50", 
            "object_repr": "john", 
            "object_id": "5", 
            "change_message": "", 
            "user": 1, 
            "content_type": 3
        }
    }, 
    {
        "pk": 43, 
        "model": "admin.logentry", 
        "fields": {
            "action_flag": 3, 
            "action_time": "2012-03-01 11:36:50", 
            "object_repr": "contributing", 
            "object_id": "6", 
            "change_message": "", 
            "user": 1, 
            "content_type": 3
        }
    }, 
    {
        "pk": 42, 
        "model": "admin.logentry", 
        "fields": {
            "action_flag": 2, 
            "action_time": "2012-02-29 15:32:03", 
            "object_repr": "IICA Elearning Course", 
            "object_id": "6", 
            "change_message": "Changed body.", 
            "user": 1, 
            "content_type": 16
        }
    }, 
    {
        "pk": 41, 
        "model": "admin.logentry", 
        "fields": {
            "action_flag": 1, 
            "action_time": "2012-02-29 15:28:48", 
            "object_repr": "IICA Elearning Course", 
            "object_id": "6", 
            "change_message": "", 
            "user": 1, 
            "content_type": 16
        }
    }, 
    {
        "pk": 40, 
        "model": "admin.logentry", 
        "fields": {
            "action_flag": 2, 
            "action_time": "2012-02-29 15:23:47", 
            "object_repr": "Capacity Development Projects Database", 
            "object_id": "5", 
            "change_message": "Changed body and url.", 
            "user": 1, 
            "content_type": 16
        }
    }, 
    {
        "pk": 39, 
        "model": "admin.logentry", 
        "fields": {
            "action_flag": 3, 
            "action_time": "2012-02-29 14:21:28", 
            "object_repr": "johanna", 
            "object_id": "2", 
            "change_message": "", 
            "user": 1, 
            "content_type": 3
        }
    }, 
    {
        "pk": 38, 
        "model": "admin.logentry", 
        "fields": {
            "action_flag": 2, 
            "action_time": "2012-02-29 14:07:50", 
            "object_repr": "Resource Title", 
            "object_id": "1", 
            "change_message": "Changed tags.", 
            "user": 1, 
            "content_type": 16
        }
    }, 
    {
        "pk": 37, 
        "model": "admin.logentry", 
        "fields": {
            "action_flag": 2, 
            "action_time": "2012-02-29 14:01:35", 
            "object_repr": "Resource Title", 
            "object_id": "1", 
            "change_message": "Changed tags.", 
            "user": 1, 
            "content_type": 16
        }
    }, 
    {
        "pk": 36, 
        "model": "admin.logentry", 
        "fields": {
            "action_flag": 2, 
            "action_time": "2012-02-29 13:59:08", 
            "object_repr": "Todo", 
            "object_id": "2", 
            "change_message": "Changed body.", 
            "user": 1, 
            "content_type": 16
        }
    }, 
    {
        "pk": 35, 
        "model": "admin.logentry", 
        "fields": {
            "action_flag": 2, 
            "action_time": "2012-02-29 13:55:14", 
            "object_repr": "Resource Title", 
            "object_id": "1", 
            "change_message": "Changed body, url, contact_type, tags and categories.", 
            "user": 1, 
            "content_type": 16
        }
    }, 
    {
        "pk": 34, 
        "model": "admin.logentry", 
        "fields": {
            "action_flag": 2, 
            "action_time": "2012-02-29 13:53:39", 
            "object_repr": "Resource Title", 
            "object_id": "1", 
            "change_message": "Changed body and file.", 
            "user": 1, 
            "content_type": 16
        }
    }, 
    {
        "pk": 33, 
        "model": "admin.logentry", 
        "fields": {
            "action_flag": 2, 
            "action_time": "2012-02-29 13:34:02", 
            "object_repr": "Capacity Development Projects Database", 
            "object_id": "5", 
            "change_message": "Changed url.", 
            "user": 1, 
            "content_type": 16
        }
    }, 
    {
        "pk": 32, 
        "model": "admin.logentry", 
        "fields": {
            "action_flag": 2, 
            "action_time": "2012-02-29 13:33:55", 
            "object_repr": "Capacity Development Projects Database", 
            "object_id": "5", 
            "change_message": "Changed url.", 
            "user": 1, 
            "content_type": 16
        }
    }, 
    {
        "pk": 31, 
        "model": "admin.logentry", 
        "fields": {
            "action_flag": 2, 
            "action_time": "2012-02-29 13:25:21", 
            "object_repr": "Capacity Development Projects Database", 
            "object_id": "5", 
            "change_message": "Changed body.", 
            "user": 1, 
            "content_type": 16
        }
    }, 
    {
        "pk": 30, 
        "model": "admin.logentry", 
        "fields": {
            "action_flag": 1, 
            "action_time": "2012-02-29 13:24:34", 
            "object_repr": "Capacity Development Projects Database", 
            "object_id": "5", 
            "change_message": "", 
            "user": 1, 
            "content_type": 16
        }
    }, 
    {
        "pk": 29, 
        "model": "admin.logentry", 
        "fields": {
            "action_flag": 2, 
            "action_time": "2012-02-29 11:05:35", 
            "object_repr": "contributors", 
            "object_id": "1", 
            "change_message": "Changed name and permissions.", 
            "user": 1, 
            "content_type": 2
        }
    }, 
    {
        "pk": 28, 
        "model": "admin.logentry", 
        "fields": {
            "action_flag": 3, 
            "action_time": "2012-02-29 11:05:25", 
            "object_repr": "johanna", 
            "object_id": "2", 
            "change_message": "", 
            "user": 1, 
            "content_type": 3
        }
    }, 
    {
        "pk": 27, 
        "model": "admin.logentry", 
        "fields": {
            "action_flag": 3, 
            "action_time": "2012-02-29 11:03:19", 
            "object_repr": "test", 
            "object_id": "3", 
            "change_message": "", 
            "user": 1, 
            "content_type": 3
        }
    }, 
    {
        "pk": 26, 
        "model": "admin.logentry", 
        "fields": {
            "action_flag": 3, 
            "action_time": "2012-02-29 11:03:19", 
            "object_repr": "marta", 
            "object_id": "4", 
            "change_message": "", 
            "user": 1, 
            "content_type": 3
        }
    }, 
    {
        "pk": 25, 
        "model": "admin.logentry", 
        "fields": {
            "action_flag": 3, 
            "action_time": "2012-02-29 11:03:19", 
            "object_repr": "johanna", 
            "object_id": "2", 
            "change_message": "", 
            "user": 1, 
            "content_type": 3
        }
    }, 
    {
        "pk": 24, 
        "model": "admin.logentry", 
        "fields": {
            "action_flag": 3, 
            "action_time": "2012-02-29 11:03:19", 
            "object_repr": "AnonymousUser", 
            "object_id": "-1", 
            "change_message": "", 
            "user": 1, 
            "content_type": 3
        }
    }, 
    {
        "pk": 23, 
        "model": "admin.logentry", 
        "fields": {
            "action_flag": 3, 
            "action_time": "2012-02-29 11:03:08", 
            "object_repr": "ab", 
            "object_id": "5", 
            "change_message": "", 
            "user": 1, 
            "content_type": 3
        }
    }, 
    {
        "pk": 22, 
        "model": "admin.logentry", 
        "fields": {
            "action_flag": 1, 
            "action_time": "2012-02-29 10:47:20", 
            "object_repr": "contributor", 
            "object_id": "1", 
            "change_message": "", 
            "user": 1, 
            "content_type": 2
        }
    }, 
    {
        "pk": 21, 
        "model": "admin.logentry", 
        "fields": {
            "action_flag": 1, 
            "action_time": "2012-02-29 09:38:41", 
            "object_repr": "other", 
            "object_id": "10", 
            "change_message": "", 
            "user": 1, 
            "content_type": 11
        }
    }, 
    {
        "pk": 20, 
        "model": "admin.logentry", 
        "fields": {
            "action_flag": 1, 
            "action_time": "2012-02-29 09:38:39", 
            "object_repr": "pra", 
            "object_id": "9", 
            "change_message": "", 
            "user": 1, 
            "content_type": 11
        }
    }, 
    {
        "pk": 19, 
        "model": "admin.logentry", 
        "fields": {
            "action_flag": 1, 
            "action_time": "2012-02-29 09:38:29", 
            "object_repr": "sop", 
            "object_id": "8", 
            "change_message": "", 
            "user": 1, 
            "content_type": 11
        }
    }, 
    {
        "pk": 18, 
        "model": "admin.logentry", 
        "fields": {
            "action_flag": 1, 
            "action_time": "2012-02-29 09:38:25", 
            "object_repr": "guideline", 
            "object_id": "7", 
            "change_message": "", 
            "user": 1, 
            "content_type": 11
        }
    }, 
    {
        "pk": 17, 
        "model": "admin.logentry", 
        "fields": {
            "action_flag": 1, 
            "action_time": "2012-02-29 09:38:21", 
            "object_repr": "manual", 
            "object_id": "6", 
            "change_message": "", 
            "user": 1, 
            "content_type": 11
        }
    }, 
    {
        "pk": 16, 
        "model": "admin.logentry", 
        "fields": {
            "action_flag": 1, 
            "action_time": "2012-02-29 09:38:17", 
            "object_repr": "e-learning", 
            "object_id": "5", 
            "change_message": "", 
            "user": 1, 
            "content_type": 11
        }
    }, 
    {
        "pk": 15, 
        "model": "admin.logentry", 
        "fields": {
            "action_flag": 1, 
            "action_time": "2012-02-29 09:38:12", 
            "object_repr": "video", 
            "object_id": "4", 
            "change_message": "", 
            "user": 1, 
            "content_type": 11
        }
    }, 
    {
        "pk": 14, 
        "model": "admin.logentry", 
        "fields": {
            "action_flag": 1, 
            "action_time": "2012-02-29 09:38:09", 
            "object_repr": "photo", 
            "object_id": "3", 
            "change_message": "", 
            "user": 1, 
            "content_type": 11
        }
    }, 
    {
        "pk": 13, 
        "model": "admin.logentry", 
        "fields": {
            "action_flag": 2, 
            "action_time": "2012-02-29 09:37:55", 
            "object_repr": "tool", 
            "object_id": "2", 
            "change_message": "Changed name.", 
            "user": 1, 
            "content_type": 11
        }
    }, 
    {
        "pk": 12, 
        "model": "admin.logentry", 
        "fields": {
            "action_flag": 1, 
            "action_time": "2012-02-29 09:37:28", 
            "object_repr": "Tools", 
            "object_id": "2", 
            "change_message": "", 
            "user": 1, 
            "content_type": 11
        }
    }, 
    {
        "pk": 11, 
        "model": "admin.logentry", 
        "fields": {
            "action_flag": 2, 
            "action_time": "2012-02-28 19:16:18", 
            "object_repr": "Resource Title", 
            "object_id": "1", 
            "change_message": "Changed url.", 
            "user": 1, 
            "content_type": 16
        }
    }, 
    {
        "pk": 10, 
        "model": "admin.logentry", 
        "fields": {
            "action_flag": 2, 
            "action_time": "2012-02-28 19:12:30", 
            "object_repr": "Resource Title", 
            "object_id": "1", 
            "change_message": "Changed title, body, org_title, contact_email, contact_address, featured and slug.", 
            "user": 1, 
            "content_type": 16
        }
    }, 
    {
        "pk": 9, 
        "model": "admin.logentry", 
        "fields": {
            "action_flag": 2, 
            "action_time": "2012-02-28 19:07:40", 
            "object_repr": "Title", 
            "object_id": "1", 
            "change_message": "Changed file.", 
            "user": 1, 
            "content_type": 16
        }
    }, 
    {
        "pk": 8, 
        "model": "admin.logentry", 
        "fields": {
            "action_flag": 2, 
            "action_time": "2012-02-28 19:07:30", 
            "object_repr": "Title", 
            "object_id": "1", 
            "change_message": "Changed file.", 
            "user": 1, 
            "content_type": 16
        }
    }, 
    {
        "pk": 7, 
        "model": "admin.logentry", 
        "fields": {
            "action_flag": 2, 
            "action_time": "2012-02-28 19:06:26", 
            "object_repr": "Title", 
            "object_id": "1", 
            "change_message": "Changed file.", 
            "user": 1, 
            "content_type": 16
        }
    }, 
    {
        "pk": 6, 
        "model": "admin.logentry", 
        "fields": {
            "action_flag": 2, 
            "action_time": "2012-02-28 19:03:44", 
            "object_repr": "Title", 
            "object_id": "1", 
            "change_message": "Changed file.", 
            "user": 1, 
            "content_type": 16
        }
    }, 
    {
        "pk": 5, 
        "model": "admin.logentry", 
        "fields": {
            "action_flag": 1, 
            "action_time": "2012-02-28 18:05:39", 
            "object_repr": "Todo", 
            "object_id": "2", 
            "change_message": "", 
            "user": 1, 
            "content_type": 16
        }
    }, 
    {
        "pk": 4, 
        "model": "admin.logentry", 
        "fields": {
            "action_flag": 2, 
            "action_time": "2012-02-28 18:02:43", 
            "object_repr": "Title", 
            "object_id": "1", 
            "change_message": "Changed status.", 
            "user": 1, 
            "content_type": 16
        }
    }, 
    {
        "pk": 3, 
        "model": "admin.logentry", 
        "fields": {
            "action_flag": 2, 
            "action_time": "2012-02-28 18:02:28", 
            "object_repr": "127.0.0.1:8000", 
            "object_id": "1", 
            "change_message": "Changed domain and name.", 
            "user": 1, 
            "content_type": 7
        }
    }, 
    {
        "pk": 2, 
        "model": "admin.logentry", 
        "fields": {
            "action_flag": 1, 
            "action_time": "2012-02-28 18:02:07", 
            "object_repr": "Title", 
            "object_id": "1", 
            "change_message": "", 
            "user": 1, 
            "content_type": 16
        }
    }, 
    {
        "pk": 1, 
        "model": "admin.logentry", 
        "fields": {
            "action_flag": 1, 
            "action_time": "2012-02-28 17:58:38", 
            "object_repr": "Profile of admin", 
            "object_id": "1", 
            "change_message": "", 
            "user": 1, 
            "content_type": 14
        }
    }, 
    {
        "pk": 1, 
        "model": "phytosanitary.contributor", 
        "fields": {
            "user": 1, 
            "mugshot": "", 
            "privacy": "registered"
        }
    }, 
    {
        "pk": 2, 
        "model": "phytosanitary.contributor", 
        "fields": {
            "user": 2, 
            "mugshot": "user/photos/743712de94.png", 
            "privacy": "registered"
        }
    }, 
    {
        "pk": 3, 
        "model": "phytosanitary.contributor", 
        "fields": {
            "user": 3, 
            "mugshot": "", 
            "privacy": "registered"
        }
    }, 
    {
        "pk": 1, 
        "model": "phytosanitary.category", 
        "fields": {
            "description": "Welcome to the Databases & Tools resources section. \r\n\r\n[Capacity Development Projects Database](http://projects.phytosanitary.info)\r\n\r\nView phytosanitary projects and interventions from a variety of recognized project information sources. Search the database geographically to find out more details about phytosanitary capacity development projects world wide.\r\n\r\nContact Points for IPPC contracting parties are encouraged to review the data for their countries and update the database regularly. [Log in here](http://projects.phytosanitary.info/index.php?id=1110970&L=0) with your IPP Portal account to share phytosanitary capacity development projects in your region/country.\r\n\r\n\r\n[Capacity Development Activities database](http://activities.phytosanitary.info)\r\n\r\nTo be available soon. This tool gives you the opportunity to find past, current and future phytosanitary capacity development events. It will inlude national, regional and global events (e.g. symposia, meetings, etc.) and activities (training courses, workshops etc.) that IPPC Contracting Parties wish to highligh. It is intended to be complementary to the [IPP events calendar](https://www.ippc.int/index.php?id=1110636&L=0) \r\n\r\n[Phytosanitary Capacity Development Consultant Roster](http://roster.phytosanitary.info) \r\n\r\nThis tool will provide access to phytosanitary expertise in a variety of fields in a searchable database format. This tool will be available post CPM-7(2012). \r\n", 
            "order": 0, 
            "slug": "dbtools", 
            "description_html": "<p>Welcome to the Databases &amp; Tools resources section. </p>\n<p><a href=\"http://projects.phytosanitary.info\">Capacity Development Projects Database</a></p>\n<p>View phytosanitary projects and interventions from a variety of recognized project information sources. Search the database geographically to find out more details about phytosanitary capacity development projects world wide.</p>\n<p>Contact Points for IPPC contracting parties are encouraged to review the data for their countries and update the database regularly. <a href=\"http://projects.phytosanitary.info/index.php?id=1110970&amp;L=0\">Log in here</a> with your IPP Portal account to share phytosanitary capacity development projects in your region/country.</p>\n<p><a href=\"http://activities.phytosanitary.info\">Capacity Development Activities database</a></p>\n<p>To be available soon. This tool gives you the opportunity to find past, current and future phytosanitary capacity development events. It will inlude national, regional and global events (e.g. symposia, meetings, etc.) and activities (training courses, workshops etc.) that IPPC Contracting Parties wish to highligh. It is intended to be complementary to the <a href=\"https://www.ippc.int/index.php?id=1110636&amp;L=0\">IPP events calendar</a> </p>\n<p><a href=\"http://roster.phytosanitary.info\">Phytosanitary Capacity Development Consultant Roster</a> </p>\n<p>This tool will provide access to phytosanitary expertise in a variety of fields in a searchable database format. This tool will be available post CPM-7(2012). </p>", 
            "title": "Databases & Tools"
        }
    }, 
    {
        "pk": 2, 
        "model": "phytosanitary.category", 
        "fields": {
            "description": "In this section you will find resources related to advocacy and communication materials e.g. fact sheets, brochures, show casing stories and news stories. \r\n\r\nThese advocacy materials will play a useful role in reaching out to e.g. potential partners, donors, institutes, universities and the general public to increase the awareness about phytosanitary capacity development activities, innovations and issues. \r\n", 
            "order": 1, 
            "slug": "advocacy", 
            "description_html": "<p>In this section you will find resources related to advocacy and communication materials e.g. fact sheets, brochures, show casing stories and news stories. </p>\n<p>These advocacy materials will play a useful role in reaching out to e.g. potential partners, donors, institutes, universities and the general public to increase the awareness about phytosanitary capacity development activities, innovations and issues. </p>", 
            "title": "Advocacy"
        }
    }, 
    {
        "pk": 3, 
        "model": "phytosanitary.category", 
        "fields": {
            "description": "Welcome to the [phytosanitary. info media library.][4] \r\n\r\nWe encourage all IPPC contracting parties, RPPOs and other relevant organizations to upload your relevant photos, videos and presentations to share in our media library. \r\n\r\nFor the moment you can browse the collection in the list below. As it comes available you will be able to search by entering a keyword using the search function.\r\n[Sign up][7] or [Log in][8] to upload resource.\r\n\r\n [1]: dbtools/\r\n [2]: advocacy/\r\n [3]: training/\r\n [4]: media/\r\n [5]: misc/\r\n [6]: http://www.ippc.int\r\n [7]: /accounts/signup/\r\n [8]: /accounts/signin/", 
            "order": 2, 
            "slug": "media", 
            "description_html": "<p>Welcome to the <a href=\"media/\">phytosanitary. info media library.</a> </p>\n<p>We encourage all IPPC contracting parties, RPPOs and other relevant organizations to upload your relevant photos, videos and presentations to share in our media library. </p>\n<p>For the moment you can browse the collection in the list below. As it comes available you will be able to search by entering a keyword using the search function.\n<a href=\"/accounts/signup/\">Sign up</a> or <a href=\"/accounts/signin/\">Log in</a> to upload resource.</p>", 
            "title": "Media Library"
        }
    }, 
    {
        "pk": 4, 
        "model": "phytosanitary.category", 
        "fields": {
            "description": "Please find useful training materials such as online e-learning courses, power points, manuals, SOPs and guidelines into this section. \r\n\r\nIPPC Secratariat encourage all IPPC Contracting Parties, RPPOs and other relevant organizations to contribute by uploading training materials and/or link to available online e-learning courses. \r\n\r\nThese will be crucial resources for the improvement of Phytosanitary Capacity Development around the world.\r\n\r\n\r\n [6]: http://www.ippc.int", 
            "order": 3, 
            "slug": "training", 
            "description_html": "<p>Please find useful training materials such as online e-learning courses, power points, manuals, SOPs and guidelines into this section. </p>\n<p>IPPC Secratariat encourage all IPPC Contracting Parties, RPPOs and other relevant organizations to contribute by uploading training materials and/or link to available online e-learning courses. </p>\n<p>These will be crucial resources for the improvement of Phytosanitary Capacity Development around the world.</p>", 
            "title": "Training Materials"
        }
    }, 
    {
        "pk": 5, 
        "model": "phytosanitary.category", 
        "fields": {
            "description": "Please find miscellaneous phytosanitary technical resources under this category.", 
            "order": 4, 
            "slug": "misc", 
            "description_html": "<p>Please find miscellaneous phytosanitary technical resources under this category.</p>", 
            "title": "Miscellaneous"
        }
    }, 
    {
        "pk": 5, 
        "model": "phytosanitary.resource", 
        "fields": {
            "body": "Data from a variety of recognized project information sources is available at [projects.phytosanitary.info](http://projects.phytosanitary.info).", 
            "status": 1, 
            "ippc_resource": true, 
            "contact_type": "", 
            "org_title": "", 
            "title": "Phytosanitary Capacity Development Projects", 
            "categories": [
                1
            ], 
            "agreement": true, 
            "body_html": "<p>Data from a variety of recognized project information sources is available at <a href=\"http://projects.phytosanitary.info\">projects.phytosanitary.info</a>.</p>", 
            "url": "", 
            "contact_address": "", 
            "contact_email": "", 
            "author": 1, 
            "enable_comments": false, 
            "featured": false, 
            "pub_date": "2012-03-12 17:55:13", 
            "slug": "phytosanitary-capacity-development-projects", 
            "tags": ""
        }
    }, 
    {
        "pk": 4, 
        "model": "phytosanitary.resource", 
        "fields": {
            "body": "# About Phytosanitary.info\r\n\r\nWelcome to the [IPPC][6] Phytosanitary Resources homepage, where you can find resources contributed by the world's plant protection community. The page will let you find useful and supportive phytosanitary resources such as information on phytosanitary projects and activities, fact sheets, manuals, presentations, photos, videos, e-learning courses, standard operating procedures(SOPs) and etc. The categories include [databases & tools][1], [advocacy][2], [training materials][3], a [media library][4] and [more][5]. \r\n\r\nThe [IPPC Secretariat][6] welcomes and encourages all IPPC contracting parties, RPPOs and relevant organizations to contribute with phytosanitary technical resources(in any language).\r\n\r\nPlease [Sign up][7] here for your account and [Log in][8] here to add phytosanitary technical resources.\r\nUploaded resources will be reviewed by the Expert Working Group on Capacity Development and appear publically in this page if approved.\r\n\r\nPhytosanitary technical resources produced under the auspices of the [IPPC Secretariat][6] can be found with an IPPC logo: ![The IPPC logo](/static/img/ippc-resource.gif) \r\n\r\n [1]: dbtools/\r\n [2]: advocacy/\r\n [3]: training/\r\n [4]: media/\r\n [5]: misc/\r\n [6]: http://www.ippc.int\r\n [7]: /accounts/signup/\r\n [8]: /accounts/signin/", 
            "status": 1, 
            "ippc_resource": false, 
            "contact_type": "", 
            "org_title": "", 
            "title": "Homepage", 
            "categories": [
                5
            ], 
            "agreement": false, 
            "body_html": "<h1>About Phytosanitary.info</h1>\n<p>Welcome to the <a href=\"http://www.ippc.int\">IPPC</a> Phytosanitary Resources homepage, where you can find resources contributed by the world's plant protection community. The page will let you find useful and supportive phytosanitary resources such as information on phytosanitary projects and activities, fact sheets, manuals, presentations, photos, videos, e-learning courses, standard operating procedures(SOPs) and etc. The categories include <a href=\"dbtools/\">databases &amp; tools</a>, <a href=\"advocacy/\">advocacy</a>, <a href=\"training/\">training materials</a>, a <a href=\"media/\">media library</a> and <a href=\"misc/\">more</a>. </p>\n<p>The <a href=\"http://www.ippc.int\">IPPC Secretariat</a> welcomes and encourages all IPPC contracting parties, RPPOs and relevant organizations to contribute with phytosanitary technical resources(in any language).</p>\n<p>Please <a href=\"/accounts/signup/\">Sign up</a> here for your account and <a href=\"/accounts/signin/\">Log in</a> here to add phytosanitary technical resources.\nUploaded resources will be reviewed by the Expert Working Group on Capacity Development and appear publically in this page if approved.</p>\n<p>Phytosanitary technical resources produced under the auspices of the <a href=\"http://www.ippc.int\">IPPC Secretariat</a> can be found with an IPPC logo: <img alt=\"The IPPC logo\" src=\"/static/img/ippc-resource.gif\" /> </p>", 
            "url": "", 
            "contact_address": "", 
            "contact_email": "", 
            "author": 1, 
            "enable_comments": false, 
            "featured": false, 
            "pub_date": "2012-03-08 16:40:13", 
            "slug": "homepage", 
            "tags": ""
        }
    }, 
    {
        "pk": 2, 
        "model": "tagging.tag", 
        "fields": {
            "name": "e-learning"
        }
    }, 
    {
        "pk": 3, 
        "model": "tagging.tag", 
        "fields": {
            "name": "guideline"
        }
    }, 
    {
        "pk": 4, 
        "model": "tagging.tag", 
        "fields": {
            "name": "manual"
        }
    }, 
    {
        "pk": 5, 
        "model": "tagging.tag", 
        "fields": {
            "name": "other"
        }
    }, 
    {
        "pk": 6, 
        "model": "tagging.tag", 
        "fields": {
            "name": "photo"
        }
    }, 
    {
        "pk": 7, 
        "model": "tagging.tag", 
        "fields": {
            "name": "pra"
        }
    }, 
    {
        "pk": 1, 
        "model": "tagging.tag", 
        "fields": {
            "name": "project"
        }
    }, 
    {
        "pk": 8, 
        "model": "tagging.tag", 
        "fields": {
            "name": "sop"
        }
    }, 
    {
        "pk": 9, 
        "model": "tagging.tag", 
        "fields": {
            "name": "tool"
        }
    }, 
    {
        "pk": 10, 
        "model": "tagging.tag", 
        "fields": {
            "name": "video"
        }
    }, 
    {
        "pk": 2, 
        "model": "tagging.taggeditem", 
        "fields": {
            "tag": 1, 
            "object_id": 6, 
            "content_type": 16
        }
    }, 
    {
        "pk": 3, 
        "model": "tagging.taggeditem", 
        "fields": {
            "tag": 1, 
            "object_id": 9, 
            "content_type": 16
        }
    }, 
    {
        "pk": 1, 
        "model": "userena.userenasignup", 
        "fields": {
            "email_unconfirmed": "", 
            "activation_key": "ALREADY_ACTIVATED", 
            "last_active": null, 
            "email_confirmation_key_created": null, 
            "activation_notification_send": false, 
            "email_confirmation_key": "", 
            "user": 2
        }
    }, 
    {
        "pk": 1, 
        "model": "easy_thumbnails.source", 
        "fields": {
            "name": "user/photos/743712de94.png", 
            "storage_hash": "f9bde26a1556cd667f742bd34ec7c55e", 
            "modified": "2012-03-06 10:54:17"
        }
    }, 
    {
        "pk": 2, 
        "model": "easy_thumbnails.source", 
        "fields": {
            "name": "photos/2012/03/09/Screen_shot_2012-03-08_at_3.50.58_PM_1.png", 
            "storage_hash": "f9bde26a1556cd667f742bd34ec7c55e", 
            "modified": "2012-03-09 09:03:53"
        }
    }, 
    {
        "pk": 3, 
        "model": "easy_thumbnails.source", 
        "fields": {
            "name": "photos/2012/03/09/Screen_shot_2012-03-09_at_11.14.03_AM.png", 
            "storage_hash": "f9bde26a1556cd667f742bd34ec7c55e", 
            "modified": "2012-03-09 11:14:28"
        }
    }, 
    {
        "pk": 4, 
        "model": "easy_thumbnails.source", 
        "fields": {
            "name": "photos/2012/03/09/Screen_shot_2012-03-09_at_11.14.03_AM_1.png", 
            "storage_hash": "f9bde26a1556cd667f742bd34ec7c55e", 
            "modified": "2012-03-09 15:52:08"
        }
    }, 
    {
        "pk": 5, 
        "model": "easy_thumbnails.source", 
        "fields": {
            "name": "photos/2012/03/09/Screen_shot_2012-03-08_at_3.50.58_PM_2.png", 
            "storage_hash": "f9bde26a1556cd667f742bd34ec7c55e", 
            "modified": "2012-03-09 16:11:13"
        }
    }, 
    {
        "pk": 6, 
        "model": "easy_thumbnails.source", 
        "fields": {
            "name": "photos/2012/03/09/Screen_shot_2012-03-08_at_3.50.58_PM_3.png", 
            "storage_hash": "f9bde26a1556cd667f742bd34ec7c55e", 
            "modified": "2012-03-09 16:51:08"
        }
    }, 
    {
        "pk": 7, 
        "model": "easy_thumbnails.source", 
        "fields": {
            "name": "photos/2012/03/09/Screen_shot_2012-03-09_at_4.53.03_PM.png", 
            "storage_hash": "f9bde26a1556cd667f742bd34ec7c55e", 
            "modified": "2012-03-09 16:53:14"
        }
    }, 
    {
        "pk": 8, 
        "model": "easy_thumbnails.source", 
        "fields": {
            "name": "photos/2012/03/09/Screen_shot_2012-03-09_at_4.57.13_PM_2.png", 
            "storage_hash": "f9bde26a1556cd667f742bd34ec7c55e", 
            "modified": "2012-03-09 17:10:45"
        }
    }, 
    {
        "pk": 9, 
        "model": "easy_thumbnails.source", 
        "fields": {
            "name": "photos/2012/03/09/Screen_shot_2012-03-09_at_5.42.17_PM.png", 
            "storage_hash": "f9bde26a1556cd667f742bd34ec7c55e", 
            "modified": "2012-03-09 17:42:23"
        }
    }, 
    {
        "pk": 10, 
        "model": "easy_thumbnails.source", 
        "fields": {
            "name": "photos/2012/03/12/imagetitle_2.png", 
            "storage_hash": "f9bde26a1556cd667f742bd34ec7c55e", 
            "modified": "2012-03-12 10:31:32"
        }
    }, 
    {
        "pk": 11, 
        "model": "easy_thumbnails.source", 
        "fields": {
            "name": "photos/2012/03/12/Screen_shot_2012-03-09_at_4.53.03_PM.png", 
            "storage_hash": "f9bde26a1556cd667f742bd34ec7c55e", 
            "modified": "2012-03-12 10:38:51"
        }
    }, 
    {
        "pk": 12, 
        "model": "easy_thumbnails.source", 
        "fields": {
            "name": "photos/2012/03/12/Screen_shot_2012-03-09_at_4.53.03_PM_1.png", 
            "storage_hash": "f9bde26a1556cd667f742bd34ec7c55e", 
            "modified": "2012-03-12 10:39:30"
        }
    }, 
    {
        "pk": 13, 
        "model": "easy_thumbnails.source", 
        "fields": {
            "name": "photos/2012/03/12/Screen_shot_2012-03-09_at_4.57.13_PM.png", 
            "storage_hash": "f9bde26a1556cd667f742bd34ec7c55e", 
            "modified": "2012-03-12 10:46:11"
        }
    }, 
    {
        "pk": 14, 
        "model": "easy_thumbnails.source", 
        "fields": {
            "name": "photos/2012/03/12/imagetitle_3.png", 
            "storage_hash": "f9bde26a1556cd667f742bd34ec7c55e", 
            "modified": "2012-03-12 11:42:10"
        }
    }, 
    {
        "pk": 15, 
        "model": "easy_thumbnails.source", 
        "fields": {
            "name": "photos/2012/03/12/Screen_shot_2012-03-09_at_11.14.03_AM.png", 
            "storage_hash": "f9bde26a1556cd667f742bd34ec7c55e", 
            "modified": "2012-03-12 14:05:24"
        }
    }, 
    {
        "pk": 16, 
        "model": "easy_thumbnails.source", 
        "fields": {
            "name": "photos/2012/03/12/Screen_shot_2012-03-09_at_4.53.03_PM_2.png", 
            "storage_hash": "f9bde26a1556cd667f742bd34ec7c55e", 
            "modified": "2012-03-12 14:21:41"
        }
    }, 
    {
        "pk": 17, 
        "model": "easy_thumbnails.source", 
        "fields": {
            "name": "photos/2012/03/12/Screen_shot_2012-03-09_at_5.42.17_PM_2.png", 
            "storage_hash": "f9bde26a1556cd667f742bd34ec7c55e", 
            "modified": "2012-03-12 15:24:49"
        }
    }, 
    {
        "pk": 18, 
        "model": "easy_thumbnails.source", 
        "fields": {
            "name": "photos/2012/03/12/Screen_shot_2012-03-09_at_11.14.03_AM_1.png", 
            "storage_hash": "f9bde26a1556cd667f742bd34ec7c55e", 
            "modified": "2012-03-12 15:32:18"
        }
    }, 
    {
        "pk": 19, 
        "model": "easy_thumbnails.source", 
        "fields": {
            "name": "photos/2012/03/12/imagetitle_4.png", 
            "storage_hash": "f9bde26a1556cd667f742bd34ec7c55e", 
            "modified": "2012-03-12 15:41:04"
        }
    }, 
    {
        "pk": 1, 
        "model": "easy_thumbnails.thumbnail", 
        "fields": {
            "source": 2, 
            "name": "photos/2012/03/09/Screen_shot_2012-03-08_at_3.50.58_PM_1.png.100x50_q85.jpg", 
            "storage_hash": "d26becbf46ac48eda79c7a39a13a02dd", 
            "modified": "2012-03-09 11:07:16"
        }
    }, 
    {
        "pk": 2, 
        "model": "easy_thumbnails.thumbnail", 
        "fields": {
            "source": 3, 
            "name": "photos/2012/03/09/Screen_shot_2012-03-09_at_11.14.03_AM.png.100x50_q85.jpg", 
            "storage_hash": "d26becbf46ac48eda79c7a39a13a02dd", 
            "modified": "2012-03-09 11:14:31"
        }
    }, 
    {
        "pk": 3, 
        "model": "easy_thumbnails.thumbnail", 
        "fields": {
            "source": 4, 
            "name": "photos/2012/03/09/Screen_shot_2012-03-09_at_11.14.03_AM_1.png.100x50_q85.jpg", 
            "storage_hash": "d26becbf46ac48eda79c7a39a13a02dd", 
            "modified": "2012-03-09 15:52:26"
        }
    }, 
    {
        "pk": 4, 
        "model": "easy_thumbnails.thumbnail", 
        "fields": {
            "source": 5, 
            "name": "photos/2012/03/09/Screen_shot_2012-03-08_at_3.50.58_PM_2.png.100x50_q85.jpg", 
            "storage_hash": "d26becbf46ac48eda79c7a39a13a02dd", 
            "modified": "2012-03-09 16:11:16"
        }
    }, 
    {
        "pk": 5, 
        "model": "easy_thumbnails.thumbnail", 
        "fields": {
            "source": 4, 
            "name": "photos/2012/03/09/Screen_shot_2012-03-09_at_11.14.03_AM_1.png.50x50_q85.jpg", 
            "storage_hash": "d26becbf46ac48eda79c7a39a13a02dd", 
            "modified": "2012-03-09 16:40:35"
        }
    }, 
    {
        "pk": 6, 
        "model": "easy_thumbnails.thumbnail", 
        "fields": {
            "source": 3, 
            "name": "photos/2012/03/09/Screen_shot_2012-03-09_at_11.14.03_AM.png.50x50_q85.jpg", 
            "storage_hash": "d26becbf46ac48eda79c7a39a13a02dd", 
            "modified": "2012-03-09 16:40:35"
        }
    }, 
    {
        "pk": 7, 
        "model": "easy_thumbnails.thumbnail", 
        "fields": {
            "source": 2, 
            "name": "photos/2012/03/09/Screen_shot_2012-03-08_at_3.50.58_PM_1.png.50x50_q85.jpg", 
            "storage_hash": "d26becbf46ac48eda79c7a39a13a02dd", 
            "modified": "2012-03-09 16:40:35"
        }
    }, 
    {
        "pk": 8, 
        "model": "easy_thumbnails.thumbnail", 
        "fields": {
            "source": 4, 
            "name": "photos/2012/03/09/Screen_shot_2012-03-09_at_11.14.03_AM_1.png.20x20_q85.jpg", 
            "storage_hash": "d26becbf46ac48eda79c7a39a13a02dd", 
            "modified": "2012-03-09 16:40:44"
        }
    }, 
    {
        "pk": 9, 
        "model": "easy_thumbnails.thumbnail", 
        "fields": {
            "source": 3, 
            "name": "photos/2012/03/09/Screen_shot_2012-03-09_at_11.14.03_AM.png.20x20_q85.jpg", 
            "storage_hash": "d26becbf46ac48eda79c7a39a13a02dd", 
            "modified": "2012-03-09 16:40:44"
        }
    }, 
    {
        "pk": 10, 
        "model": "easy_thumbnails.thumbnail", 
        "fields": {
            "source": 2, 
            "name": "photos/2012/03/09/Screen_shot_2012-03-08_at_3.50.58_PM_1.png.20x20_q85.jpg", 
            "storage_hash": "d26becbf46ac48eda79c7a39a13a02dd", 
            "modified": "2012-03-09 16:40:44"
        }
    }, 
    {
        "pk": 11, 
        "model": "easy_thumbnails.thumbnail", 
        "fields": {
            "source": 6, 
            "name": "photos/2012/03/09/Screen_shot_2012-03-08_at_3.50.58_PM_3.png.100x50_q85.jpg", 
            "storage_hash": "d26becbf46ac48eda79c7a39a13a02dd", 
            "modified": "2012-03-09 16:51:31"
        }
    }, 
    {
        "pk": 12, 
        "model": "easy_thumbnails.thumbnail", 
        "fields": {
            "source": 7, 
            "name": "photos/2012/03/09/Screen_shot_2012-03-09_at_4.53.03_PM.png.100x50_q85.jpg", 
            "storage_hash": "d26becbf46ac48eda79c7a39a13a02dd", 
            "modified": "2012-03-09 16:53:31"
        }
    }, 
    {
        "pk": 13, 
        "model": "easy_thumbnails.thumbnail", 
        "fields": {
            "source": 8, 
            "name": "photos/2012/03/09/Screen_shot_2012-03-09_at_4.57.13_PM_2.png.100x50_q85.jpg", 
            "storage_hash": "d26becbf46ac48eda79c7a39a13a02dd", 
            "modified": "2012-03-09 17:11:01"
        }
    }, 
    {
        "pk": 14, 
        "model": "easy_thumbnails.thumbnail", 
        "fields": {
            "source": 8, 
            "name": "photos/2012/03/09/Screen_shot_2012-03-09_at_4.57.13_PM_2.png.20x20_q85.jpg", 
            "storage_hash": "d26becbf46ac48eda79c7a39a13a02dd", 
            "modified": "2012-03-09 17:11:30"
        }
    }, 
    {
        "pk": 15, 
        "model": "easy_thumbnails.thumbnail", 
        "fields": {
            "source": 9, 
            "name": "photos/2012/03/09/Screen_shot_2012-03-09_at_5.42.17_PM.png.100x50_q85.jpg", 
            "storage_hash": "d26becbf46ac48eda79c7a39a13a02dd", 
            "modified": "2012-03-09 17:42:42"
        }
    }, 
    {
        "pk": 16, 
        "model": "easy_thumbnails.thumbnail", 
        "fields": {
            "source": 10, 
            "name": "photos/2012/03/12/imagetitle_2.png.100x50_q85.jpg", 
            "storage_hash": "d26becbf46ac48eda79c7a39a13a02dd", 
            "modified": "2012-03-12 10:40:23"
        }
    }, 
    {
        "pk": 17, 
        "model": "easy_thumbnails.thumbnail", 
        "fields": {
            "source": 11, 
            "name": "photos/2012/03/12/Screen_shot_2012-03-09_at_4.53.03_PM.png.100x50_q85.jpg", 
            "storage_hash": "d26becbf46ac48eda79c7a39a13a02dd", 
            "modified": "2012-03-12 10:40:23"
        }
    }, 
    {
        "pk": 18, 
        "model": "easy_thumbnails.thumbnail", 
        "fields": {
            "source": 12, 
            "name": "photos/2012/03/12/Screen_shot_2012-03-09_at_4.53.03_PM_1.png.100x50_q85.jpg", 
            "storage_hash": "d26becbf46ac48eda79c7a39a13a02dd", 
            "modified": "2012-03-12 10:40:23"
        }
    }, 
    {
        "pk": 19, 
        "model": "easy_thumbnails.thumbnail", 
        "fields": {
            "source": 13, 
            "name": "photos/2012/03/12/Screen_shot_2012-03-09_at_4.57.13_PM.png.100x50_q85.jpg", 
            "storage_hash": "d26becbf46ac48eda79c7a39a13a02dd", 
            "modified": "2012-03-12 10:46:33"
        }
    }, 
    {
        "pk": 20, 
        "model": "easy_thumbnails.thumbnail", 
        "fields": {
            "source": 14, 
            "name": "photos/2012/03/12/imagetitle_3.png.100x50_q85.jpg", 
            "storage_hash": "d26becbf46ac48eda79c7a39a13a02dd", 
            "modified": "2012-03-12 11:42:12"
        }
    }, 
    {
        "pk": 21, 
        "model": "easy_thumbnails.thumbnail", 
        "fields": {
            "source": 14, 
            "name": "photos/2012/03/12/imagetitle_3.png.20x20_q85.jpg", 
            "storage_hash": "d26becbf46ac48eda79c7a39a13a02dd", 
            "modified": "2012-03-12 14:02:09"
        }
    }, 
    {
        "pk": 22, 
        "model": "easy_thumbnails.thumbnail", 
        "fields": {
            "source": 14, 
            "name": "photos/2012/03/12/imagetitle_3.png.200x200_q85.jpg", 
            "storage_hash": "d26becbf46ac48eda79c7a39a13a02dd", 
            "modified": "2012-03-12 14:03:01"
        }
    }, 
    {
        "pk": 23, 
        "model": "easy_thumbnails.thumbnail", 
        "fields": {
            "source": 15, 
            "name": "photos/2012/03/12/Screen_shot_2012-03-09_at_11.14.03_AM.png.200x200_q85.jpg", 
            "storage_hash": "d26becbf46ac48eda79c7a39a13a02dd", 
            "modified": "2012-03-12 14:05:25"
        }
    }, 
    {
        "pk": 24, 
        "model": "easy_thumbnails.thumbnail", 
        "fields": {
            "source": 14, 
            "name": "photos/2012/03/12/imagetitle_3.png.150x150_q85.jpg", 
            "storage_hash": "d26becbf46ac48eda79c7a39a13a02dd", 
            "modified": "2012-03-12 14:05:44"
        }
    }, 
    {
        "pk": 25, 
        "model": "easy_thumbnails.thumbnail", 
        "fields": {
            "source": 15, 
            "name": "photos/2012/03/12/Screen_shot_2012-03-09_at_11.14.03_AM.png.150x150_q85.jpg", 
            "storage_hash": "d26becbf46ac48eda79c7a39a13a02dd", 
            "modified": "2012-03-12 14:05:44"
        }
    }, 
    {
        "pk": 26, 
        "model": "easy_thumbnails.thumbnail", 
        "fields": {
            "source": 15, 
            "name": "photos/2012/03/12/Screen_shot_2012-03-09_at_11.14.03_AM.png.20x20_q85.jpg", 
            "storage_hash": "d26becbf46ac48eda79c7a39a13a02dd", 
            "modified": "2012-03-12 14:06:15"
        }
    }, 
    {
        "pk": 27, 
        "model": "easy_thumbnails.thumbnail", 
        "fields": {
            "source": 16, 
            "name": "photos/2012/03/12/Screen_shot_2012-03-09_at_4.53.03_PM_2.png.150x150_q85.jpg", 
            "storage_hash": "d26becbf46ac48eda79c7a39a13a02dd", 
            "modified": "2012-03-12 14:21:44"
        }
    }, 
    {
        "pk": 28, 
        "model": "easy_thumbnails.thumbnail", 
        "fields": {
            "source": 17, 
            "name": "photos/2012/03/12/Screen_shot_2012-03-09_at_5.42.17_PM_2.png.150x150_q85.jpg", 
            "storage_hash": "d26becbf46ac48eda79c7a39a13a02dd", 
            "modified": "2012-03-12 15:25:09"
        }
    }, 
    {
        "pk": 29, 
        "model": "easy_thumbnails.thumbnail", 
        "fields": {
            "source": 18, 
            "name": "photos/2012/03/12/Screen_shot_2012-03-09_at_11.14.03_AM_1.png.150x150_q85.jpg", 
            "storage_hash": "d26becbf46ac48eda79c7a39a13a02dd", 
            "modified": "2012-03-12 15:33:04"
        }
    }, 
    {
        "pk": 30, 
        "model": "easy_thumbnails.thumbnail", 
        "fields": {
            "source": 17, 
            "name": "photos/2012/03/12/Screen_shot_2012-03-09_at_5.42.17_PM_2.png.20x20_q85.jpg", 
            "storage_hash": "d26becbf46ac48eda79c7a39a13a02dd", 
            "modified": "2012-03-12 15:33:27"
        }
    }, 
    {
        "pk": 31, 
        "model": "easy_thumbnails.thumbnail", 
        "fields": {
            "source": 18, 
            "name": "photos/2012/03/12/Screen_shot_2012-03-09_at_11.14.03_AM_1.png.20x20_q85.jpg", 
            "storage_hash": "d26becbf46ac48eda79c7a39a13a02dd", 
            "modified": "2012-03-12 15:33:27"
        }
    }, 
    {
        "pk": 32, 
        "model": "easy_thumbnails.thumbnail", 
        "fields": {
            "source": 19, 
            "name": "photos/2012/03/12/imagetitle_4.png.20x20_q85.jpg", 
            "storage_hash": "d26becbf46ac48eda79c7a39a13a02dd", 
            "modified": "2012-03-12 15:41:34"
        }
    }, 
    {
        "pk": 33, 
        "model": "easy_thumbnails.thumbnail", 
        "fields": {
            "source": 19, 
            "name": "photos/2012/03/12/imagetitle_4.png.150x150_q85.jpg", 
            "storage_hash": "d26becbf46ac48eda79c7a39a13a02dd", 
            "modified": "2012-03-12 15:41:36"
        }
    }, 
    {
        "pk": 29, 
        "model": "auth.permission", 
        "fields": {
            "codename": "add_logentry", 
            "name": "Can add log entry", 
            "content_type": 10
        }
    }, 
    {
        "pk": 30, 
        "model": "auth.permission", 
        "fields": {
            "codename": "change_logentry", 
            "name": "Can change log entry", 
            "content_type": 10
        }
    }, 
    {
        "pk": 31, 
        "model": "auth.permission", 
        "fields": {
            "codename": "delete_logentry", 
            "name": "Can delete log entry", 
            "content_type": 10
        }
    }, 
    {
        "pk": 4, 
        "model": "auth.permission", 
        "fields": {
            "codename": "add_group", 
            "name": "Can add group", 
            "content_type": 2
        }
    }, 
    {
        "pk": 5, 
        "model": "auth.permission", 
        "fields": {
            "codename": "change_group", 
            "name": "Can change group", 
            "content_type": 2
        }
    }, 
    {
        "pk": 6, 
        "model": "auth.permission", 
        "fields": {
            "codename": "delete_group", 
            "name": "Can delete group", 
            "content_type": 2
        }
    }, 
    {
        "pk": 10, 
        "model": "auth.permission", 
        "fields": {
            "codename": "add_message", 
            "name": "Can add message", 
            "content_type": 4
        }
    }, 
    {
        "pk": 11, 
        "model": "auth.permission", 
        "fields": {
            "codename": "change_message", 
            "name": "Can change message", 
            "content_type": 4
        }
    }, 
    {
        "pk": 12, 
        "model": "auth.permission", 
        "fields": {
            "codename": "delete_message", 
            "name": "Can delete message", 
            "content_type": 4
        }
    }, 
    {
        "pk": 1, 
        "model": "auth.permission", 
        "fields": {
            "codename": "add_permission", 
            "name": "Can add permission", 
            "content_type": 1
        }
    }, 
    {
        "pk": 2, 
        "model": "auth.permission", 
        "fields": {
            "codename": "change_permission", 
            "name": "Can change permission", 
            "content_type": 1
        }
    }, 
    {
        "pk": 3, 
        "model": "auth.permission", 
        "fields": {
            "codename": "delete_permission", 
            "name": "Can delete permission", 
            "content_type": 1
        }
    }, 
    {
        "pk": 7, 
        "model": "auth.permission", 
        "fields": {
            "codename": "add_user", 
            "name": "Can add user", 
            "content_type": 3
        }
    }, 
    {
        "pk": 8, 
        "model": "auth.permission", 
        "fields": {
            "codename": "change_user", 
            "name": "Can change user", 
            "content_type": 3
        }
    }, 
    {
        "pk": 9, 
        "model": "auth.permission", 
        "fields": {
            "codename": "delete_user", 
            "name": "Can delete user", 
            "content_type": 3
        }
    }, 
    {
        "pk": 22, 
        "model": "auth.permission", 
        "fields": {
            "codename": "add_comment", 
            "name": "Can add comment", 
            "content_type": 8
        }
    }, 
    {
        "pk": 25, 
        "model": "auth.permission", 
        "fields": {
            "codename": "can_moderate", 
            "name": "Can moderate comments", 
            "content_type": 8
        }
    }, 
    {
        "pk": 23, 
        "model": "auth.permission", 
        "fields": {
            "codename": "change_comment", 
            "name": "Can change comment", 
            "content_type": 8
        }
    }, 
    {
        "pk": 24, 
        "model": "auth.permission", 
        "fields": {
            "codename": "delete_comment", 
            "name": "Can delete comment", 
            "content_type": 8
        }
    }, 
    {
        "pk": 26, 
        "model": "auth.permission", 
        "fields": {
            "codename": "add_commentflag", 
            "name": "Can add comment flag", 
            "content_type": 9
        }
    }, 
    {
        "pk": 27, 
        "model": "auth.permission", 
        "fields": {
            "codename": "change_commentflag", 
            "name": "Can change comment flag", 
            "content_type": 9
        }
    }, 
    {
        "pk": 28, 
        "model": "auth.permission", 
        "fields": {
            "codename": "delete_commentflag", 
            "name": "Can delete comment flag", 
            "content_type": 9
        }
    }, 
    {
        "pk": 13, 
        "model": "auth.permission", 
        "fields": {
            "codename": "add_contenttype", 
            "name": "Can add content type", 
            "content_type": 5
        }
    }, 
    {
        "pk": 14, 
        "model": "auth.permission", 
        "fields": {
            "codename": "change_contenttype", 
            "name": "Can change content type", 
            "content_type": 5
        }
    }, 
    {
        "pk": 15, 
        "model": "auth.permission", 
        "fields": {
            "codename": "delete_contenttype", 
            "name": "Can delete content type", 
            "content_type": 5
        }
    }, 
    {
        "pk": 59, 
        "model": "auth.permission", 
        "fields": {
            "codename": "add_source", 
            "name": "Can add source", 
            "content_type": 20
        }
    }, 
    {
        "pk": 60, 
        "model": "auth.permission", 
        "fields": {
            "codename": "change_source", 
            "name": "Can change source", 
            "content_type": 20
        }
    }, 
    {
        "pk": 61, 
        "model": "auth.permission", 
        "fields": {
            "codename": "delete_source", 
            "name": "Can delete source", 
            "content_type": 20
        }
    }, 
    {
        "pk": 62, 
        "model": "auth.permission", 
        "fields": {
            "codename": "add_thumbnail", 
            "name": "Can add thumbnail", 
            "content_type": 21
        }
    }, 
    {
        "pk": 63, 
        "model": "auth.permission", 
        "fields": {
            "codename": "change_thumbnail", 
            "name": "Can change thumbnail", 
            "content_type": 21
        }
    }, 
    {
        "pk": 64, 
        "model": "auth.permission", 
        "fields": {
            "codename": "delete_thumbnail", 
            "name": "Can delete thumbnail", 
            "content_type": 21
        }
    }, 
    {
        "pk": 53, 
        "model": "auth.permission", 
        "fields": {
            "codename": "add_groupobjectpermission", 
            "name": "Can add group object permission", 
            "content_type": 18
        }
    }, 
    {
        "pk": 54, 
        "model": "auth.permission", 
        "fields": {
            "codename": "change_groupobjectpermission", 
            "name": "Can change group object permission", 
            "content_type": 18
        }
    }, 
    {
        "pk": 55, 
        "model": "auth.permission", 
        "fields": {
            "codename": "delete_groupobjectpermission", 
            "name": "Can delete group object permission", 
            "content_type": 18
        }
    }, 
    {
        "pk": 50, 
        "model": "auth.permission", 
        "fields": {
            "codename": "add_userobjectpermission", 
            "name": "Can add user object permission", 
            "content_type": 17
        }
    }, 
    {
        "pk": 51, 
        "model": "auth.permission", 
        "fields": {
            "codename": "change_userobjectpermission", 
            "name": "Can change user object permission", 
            "content_type": 17
        }
    }, 
    {
        "pk": 52, 
        "model": "auth.permission", 
        "fields": {
            "codename": "delete_userobjectpermission", 
            "name": "Can delete user object permission", 
            "content_type": 17
        }
    }, 
    {
        "pk": 68, 
        "model": "auth.permission", 
        "fields": {
            "codename": "add_multiuploaderimage", 
            "name": "Can add multiuploader image", 
            "content_type": 22
        }
    }, 
    {
        "pk": 69, 
        "model": "auth.permission", 
        "fields": {
            "codename": "change_multiuploaderimage", 
            "name": "Can change multiuploader image", 
            "content_type": 22
        }
    }, 
    {
        "pk": 70, 
        "model": "auth.permission", 
        "fields": {
            "codename": "delete_multiuploaderimage", 
            "name": "Can delete multiuploader image", 
            "content_type": 22
        }
    }, 
    {
        "pk": 44, 
        "model": "auth.permission", 
        "fields": {
            "codename": "add_category", 
            "name": "Can add category", 
            "content_type": 15
        }
    }, 
    {
        "pk": 45, 
        "model": "auth.permission", 
        "fields": {
            "codename": "change_category", 
            "name": "Can change category", 
            "content_type": 15
        }
    }, 
    {
        "pk": 46, 
        "model": "auth.permission", 
        "fields": {
            "codename": "delete_category", 
            "name": "Can delete category", 
            "content_type": 15
        }
    }, 
    {
        "pk": 41, 
        "model": "auth.permission", 
        "fields": {
            "codename": "add_contributor", 
            "name": "Can add contributor", 
            "content_type": 14
        }
    }, 
    {
        "pk": 42, 
        "model": "auth.permission", 
        "fields": {
            "codename": "change_contributor", 
            "name": "Can change contributor", 
            "content_type": 14
        }
    }, 
    {
        "pk": 66, 
        "model": "auth.permission", 
        "fields": {
            "codename": "change_profile", 
            "name": "Can change profile", 
            "content_type": 14
        }
    }, 
    {
        "pk": 43, 
        "model": "auth.permission", 
        "fields": {
            "codename": "delete_contributor", 
            "name": "Can delete contributor", 
            "content_type": 14
        }
    }, 
    {
        "pk": 67, 
        "model": "auth.permission", 
        "fields": {
            "codename": "delete_profile", 
            "name": "Can delete profile", 
            "content_type": 14
        }
    }, 
    {
        "pk": 65, 
        "model": "auth.permission", 
        "fields": {
            "codename": "view_profile", 
            "name": "Can view profile", 
            "content_type": 14
        }
    }, 
    {
        "pk": 77, 
        "model": "auth.permission", 
        "fields": {
            "codename": "add_document", 
            "name": "Can add document", 
            "content_type": 25
        }
    }, 
    {
        "pk": 78, 
        "model": "auth.permission", 
        "fields": {
            "codename": "change_document", 
            "name": "Can change document", 
            "content_type": 25
        }
    }, 
    {
        "pk": 79, 
        "model": "auth.permission", 
        "fields": {
            "codename": "delete_document", 
            "name": "Can delete document", 
            "content_type": 25
        }
    }, 
    {
        "pk": 74, 
        "model": "auth.permission", 
        "fields": {
            "codename": "add_photo", 
            "name": "Can add photo", 
            "content_type": 24
        }
    }, 
    {
        "pk": 75, 
        "model": "auth.permission", 
        "fields": {
            "codename": "change_photo", 
            "name": "Can change photo", 
            "content_type": 24
        }
    }, 
    {
        "pk": 76, 
        "model": "auth.permission", 
        "fields": {
            "codename": "delete_photo", 
            "name": "Can delete photo", 
            "content_type": 24
        }
    }, 
    {
        "pk": 47, 
        "model": "auth.permission", 
        "fields": {
            "codename": "add_resource", 
            "name": "Can add resource", 
            "content_type": 16
        }
    }, 
    {
        "pk": 48, 
        "model": "auth.permission", 
        "fields": {
            "codename": "change_resource", 
            "name": "Can change resource", 
            "content_type": 16
        }
    }, 
    {
        "pk": 49, 
        "model": "auth.permission", 
        "fields": {
            "codename": "delete_resource", 
            "name": "Can delete resource", 
            "content_type": 16
        }
    }, 
    {
        "pk": 16, 
        "model": "auth.permission", 
        "fields": {
            "codename": "add_session", 
            "name": "Can add session", 
            "content_type": 6
        }
    }, 
    {
        "pk": 17, 
        "model": "auth.permission", 
        "fields": {
            "codename": "change_session", 
            "name": "Can change session", 
            "content_type": 6
        }
    }, 
    {
        "pk": 18, 
        "model": "auth.permission", 
        "fields": {
            "codename": "delete_session", 
            "name": "Can delete session", 
            "content_type": 6
        }
    }, 
    {
        "pk": 19, 
        "model": "auth.permission", 
        "fields": {
            "codename": "add_site", 
            "name": "Can add site", 
            "content_type": 7
        }
    }, 
    {
        "pk": 20, 
        "model": "auth.permission", 
        "fields": {
            "codename": "change_site", 
            "name": "Can change site", 
            "content_type": 7
        }
    }, 
    {
        "pk": 21, 
        "model": "auth.permission", 
        "fields": {
            "codename": "delete_site", 
            "name": "Can delete site", 
            "content_type": 7
        }
    }, 
    {
        "pk": 38, 
        "model": "auth.permission", 
        "fields": {
            "codename": "add_migrationhistory", 
            "name": "Can add migration history", 
            "content_type": 13
        }
    }, 
    {
        "pk": 39, 
        "model": "auth.permission", 
        "fields": {
            "codename": "change_migrationhistory", 
            "name": "Can change migration history", 
            "content_type": 13
        }
    }, 
    {
        "pk": 40, 
        "model": "auth.permission", 
        "fields": {
            "codename": "delete_migrationhistory", 
            "name": "Can delete migration history", 
            "content_type": 13
        }
    }, 
    {
        "pk": 32, 
        "model": "auth.permission", 
        "fields": {
            "codename": "add_tag", 
            "name": "Can add tag", 
            "content_type": 11
        }
    }, 
    {
        "pk": 33, 
        "model": "auth.permission", 
        "fields": {
            "codename": "change_tag", 
            "name": "Can change tag", 
            "content_type": 11
        }
    }, 
    {
        "pk": 34, 
        "model": "auth.permission", 
        "fields": {
            "codename": "delete_tag", 
            "name": "Can delete tag", 
            "content_type": 11
        }
    }, 
    {
        "pk": 35, 
        "model": "auth.permission", 
        "fields": {
            "codename": "add_taggeditem", 
            "name": "Can add tagged item", 
            "content_type": 12
        }
    }, 
    {
        "pk": 36, 
        "model": "auth.permission", 
        "fields": {
            "codename": "change_taggeditem", 
            "name": "Can change tagged item", 
            "content_type": 12
        }
    }, 
    {
        "pk": 37, 
        "model": "auth.permission", 
        "fields": {
            "codename": "delete_taggeditem", 
            "name": "Can delete tagged item", 
            "content_type": 12
        }
    }, 
    {
        "pk": 80, 
        "model": "auth.permission", 
        "fields": {
            "codename": "add_tag", 
            "name": "Can add Tag", 
            "content_type": 26
        }
    }, 
    {
        "pk": 81, 
        "model": "auth.permission", 
        "fields": {
            "codename": "change_tag", 
            "name": "Can change Tag", 
            "content_type": 26
        }
    }, 
    {
        "pk": 82, 
        "model": "auth.permission", 
        "fields": {
            "codename": "delete_tag", 
            "name": "Can delete Tag", 
            "content_type": 26
        }
    }, 
    {
        "pk": 83, 
        "model": "auth.permission", 
        "fields": {
            "codename": "add_taggeditem", 
            "name": "Can add Tagged Item", 
            "content_type": 27
        }
    }, 
    {
        "pk": 84, 
        "model": "auth.permission", 
        "fields": {
            "codename": "change_taggeditem", 
            "name": "Can change Tagged Item", 
            "content_type": 27
        }
    }, 
    {
        "pk": 85, 
        "model": "auth.permission", 
        "fields": {
            "codename": "delete_taggeditem", 
            "name": "Can delete Tagged Item", 
            "content_type": 27
        }
    }, 
    {
        "pk": 71, 
        "model": "auth.permission", 
        "fields": {
            "codename": "add_kvstore", 
            "name": "Can add kv store", 
            "content_type": 23
        }
    }, 
    {
        "pk": 72, 
        "model": "auth.permission", 
        "fields": {
            "codename": "change_kvstore", 
            "name": "Can change kv store", 
            "content_type": 23
        }
    }, 
    {
        "pk": 73, 
        "model": "auth.permission", 
        "fields": {
            "codename": "delete_kvstore", 
            "name": "Can delete kv store", 
            "content_type": 23
        }
    }, 
    {
        "pk": 56, 
        "model": "auth.permission", 
        "fields": {
            "codename": "add_userenasignup", 
            "name": "Can add userena registration", 
            "content_type": 19
        }
    }, 
    {
        "pk": 57, 
        "model": "auth.permission", 
        "fields": {
            "codename": "change_userenasignup", 
            "name": "Can change userena registration", 
            "content_type": 19
        }
    }, 
    {
        "pk": 58, 
        "model": "auth.permission", 
        "fields": {
            "codename": "delete_userenasignup", 
            "name": "Can delete userena registration", 
            "content_type": 19
        }
    }, 
    {
        "pk": 1, 
        "model": "auth.group", 
        "fields": {
            "name": "contributors", 
            "permissions": [
                47, 
                48
            ]
        }
    }, 
    {
        "pk": -1, 
        "model": "auth.user", 
        "fields": {
            "username": "AnonymousUser", 
            "first_name": "", 
            "last_name": "", 
            "is_active": true, 
            "is_superuser": false, 
            "is_staff": false, 
            "last_login": "2012-03-04 17:49:19", 
            "groups": [
                1
            ], 
            "user_permissions": [], 
            "password": "", 
            "email": "", 
            "date_joined": "2012-03-04 17:49:19"
        }
    }, 
    {
        "pk": 1, 
        "model": "auth.user", 
        "fields": {
            "username": "admin", 
            "first_name": "", 
            "last_name": "", 
            "is_active": true, 
            "is_superuser": true, 
            "is_staff": true, 
            "last_login": "2012-03-12 17:54:06", 
            "groups": [], 
            "user_permissions": [], 
            "password": "sha1$6b573$0e11e0cd9b1bce860088cc8b3fb7dfa9cb1c4391", 
            "email": "simon@hypertexthero.com", 
            "date_joined": "2012-02-28 17:57:12"
        }
    }, 
    {
        "pk": 2, 
        "model": "auth.user", 
        "fields": {
            "username": "t", 
            "first_name": "Mister", 
            "last_name": "Tee", 
            "is_active": true, 
            "is_superuser": false, 
            "is_staff": false, 
            "last_login": "2012-03-12 17:09:57", 
            "groups": [
                1
            ], 
            "user_permissions": [], 
            "password": "sha1$a27c2$fcdbc13500bb65089088cf02a93d0be92d2be931", 
            "email": "t@t.com", 
            "date_joined": "2012-03-01 11:39:36"
        }
    }, 
    {
        "pk": 3, 
        "model": "auth.user", 
        "fields": {
            "username": "johanna", 
            "first_name": "Johanna", 
            "last_name": "Gardesten", 
            "is_active": true, 
            "is_superuser": false, 
            "is_staff": true, 
            "last_login": "2012-03-12 17:48:14", 
            "groups": [], 
            "user_permissions": [
                59, 
                60, 
                61, 
                62, 
                63, 
                64, 
                45, 
                77, 
                78, 
                79, 
                74, 
                75, 
                76, 
                47, 
                48, 
                49, 
                32, 
                33, 
                34, 
                35, 
                36, 
                37, 
                80, 
                81, 
                82, 
                83, 
                84, 
                85, 
                71, 
                72, 
                73
            ], 
            "password": "sha1$8bad5$37868f55a0f848990c7ba4b9d7b45275621c638a", 
            "email": "johanna.gardesten@fao.org", 
            "date_joined": "2012-03-12 17:44:34"
        }
    }, 
    {
        "pk": 1, 
        "model": "guardian.userobjectpermission", 
        "fields": {
            "object_pk": "2", 
            "user": 2, 
            "content_type": 14, 
            "permission": 65
        }
    }, 
    {
        "pk": 2, 
        "model": "guardian.userobjectpermission", 
        "fields": {
            "object_pk": "2", 
            "user": 2, 
            "content_type": 14, 
            "permission": 66
        }
    }, 
    {
        "pk": 3, 
        "model": "guardian.userobjectpermission", 
        "fields": {
            "object_pk": "2", 
            "user": 2, 
            "content_type": 14, 
            "permission": 67
        }
    }, 
    {
        "pk": 4, 
        "model": "guardian.userobjectpermission", 
        "fields": {
            "object_pk": "2", 
            "user": 2, 
            "content_type": 3, 
            "permission": 8
        }
    }, 
    {
        "pk": 5, 
        "model": "guardian.userobjectpermission", 
        "fields": {
            "object_pk": "2", 
            "user": 2, 
            "content_type": 3, 
            "permission": 9
        }
    }
]